date,specialty,patients,temperature,aqi,rainfall,holiday,revisit,doctors
2023-01-01,General Medicine,53,4,137,6,0,16,5
2023-01-01,Dental,46,4,137,6,0,14,4
2023-01-01,ENT,33,4,137,6,0,10,3
2023-01-01,Orthopaedic,36,4,137,6,0,10,3
2023-01-02,General Medicine,25,6,64,4,0,7,5
2023-01-02,Dental,21,6,64,4,0,6,4
2023-01-02,ENT,20,6,64,4,0,7,3
2023-01-02,Orthopaedic,21,6,64,4,0,7,3
2023-01-03,General Medicine,54,-9,65,1,0,18,5
2023-01-03,Dental,51,-9,65,1,0,19,4
2023-01-03,ENT,31,-9,65,1,0,10,3
2023-01-03,Orthopaedic,34,-9,65,1,0,10,3
2023-01-04,General Medicine,52,1,106,0,0,16,5
2023-01-04,Dental,46,1,106,0,0,15,4
2023-01-04,ENT,30,1,106,0,0,9,3
2023-01-04,Orthopaedic,38,1,106,0,0,12,3
2023-01-05,General Medicine,55,9,89,7,0,20,5
2023-01-05,Dental,48,9,89,7,0,17,4
2023-01-05,ENT,30,9,89,7,0,10,3
2023-01-05,Orthopaedic,31,9,89,7,0,9,3
2023-01-06,General Medicine,34,7,72,2,1,11,5
2023-01-06,Dental,27,7,72,2,1,8,4
2023-01-06,ENT,20,7,72,2,1,6,3
2023-01-06,Orthopaedic,25,7,72,2,1,8,3
2023-01-07,General Medicine,39,-5,103,1,0,11,5
2023-01-07,Dental,37,-5,103,1,0,12,4
2023-01-07,ENT,26,-5,103,1,0,8,3
2023-01-07,Orthopaedic,32,-5,103,1,0,11,3
2023-01-08,General Medicine,54,5,65,4,0,19,5
2023-01-08,Dental,42,5,65,4,0,14,4
2023-01-08,ENT,28,5,65,4,0,9,3
2023-01-08,Orthopaedic,36,5,65,4,0,12,3
2023-01-09,General Medicine,32,4,112,5,0,11,5
2023-01-09,Dental,25,4,112,5,0,8,4
2023-01-09,ENT,18,4,112,5,0,6,3
2023-01-09,Orthopaedic,21,4,112,5,0,7,3
2023-01-10,General Medicine,48,-3,86,0,0,15,5
2023-01-10,Dental,44,-3,86,0,0,15,4
2023-01-10,ENT,32,-3,86,0,0,11,3
2023-01-10,Orthopaedic,36,-3,86,0,0,12,3
2023-01-11,General Medicine,43,5,96,1,0,13,5
2023-01-11,Dental,46,5,96,1,0,17,4
2023-01-11,ENT,32,5,96,1,0,11,3
2023-01-11,Orthopaedic,36,5,96,1,0,12,3
2023-01-12,General Medicine,46,6,127,0,0,14,5
2023-01-12,Dental,41,6,127,0,0,13,4
2023-01-12,ENT,33,6,127,0,0,12,3
2023-01-12,Orthopaedic,32,6,127,0,0,9,3
2023-01-13,General Medicine,50,-2,135,3,0,16,5
2023-01-13,Dental,44,-2,135,3,0,14,4
2023-01-13,ENT,28,-2,135,3,0,8,3
2023-01-13,Orthopaedic,34,-2,135,3,0,10,3
2023-01-14,General Medicine,43,0,84,5,0,14,5
2023-01-14,Dental,39,0,84,5,0,14,4
2023-01-14,ENT,28,0,84,5,0,10,3
2023-01-14,Orthopaedic,29,0,84,5,0,9,3
2023-01-15,General Medicine,53,2,61,7,0,18,5
2023-01-15,Dental,40,2,61,7,0,12,4
2023-01-15,ENT,32,2,61,7,0,11,3
2023-01-15,Orthopaedic,39,2,61,7,0,14,3
2023-01-16,General Medicine,25,13,94,2,0,8,5
2023-01-16,Dental,24,13,94,2,0,9,4
2023-01-16,ENT,14,13,94,2,0,4,3
2023-01-16,Orthopaedic,21,13,94,2,0,8,3
2023-01-17,General Medicine,43,9,140,5,0,13,5
2023-01-17,Dental,36,9,140,5,0,11,4
2023-01-17,ENT,29,9,140,5,0,10,3
2023-01-17,Orthopaedic,29,9,140,5,0,8,3
2023-01-18,General Medicine,54,-3,90,6,0,19,5
2023-01-18,Dental,38,-3,90,6,0,11,4
2023-01-18,ENT,28,-3,90,6,0,8,3
2023-01-18,Orthopaedic,36,-3,90,6,0,12,3
2023-01-19,General Medicine,47,12,71,5,0,16,5
2023-01-19,Dental,38,12,71,5,0,12,4
2023-01-19,ENT,24,12,71,5,0,7,3
2023-01-19,Orthopaedic,32,12,71,5,0,10,3
2023-01-20,General Medicine,50,-3,103,4,0,17,5
2023-01-20,Dental,41,-3,103,4,0,14,4
2023-01-20,ENT,30,-3,103,4,0,10,3
2023-01-20,Orthopaedic,36,-3,103,4,0,13,3
2023-01-21,General Medicine,36,5,103,4,0,11,5
2023-01-21,Dental,28,5,103,4,0,8,4
2023-01-21,ENT,25,5,103,4,0,9,3
2023-01-21,Orthopaedic,27,5,103,4,0,9,3
2023-01-22,General Medicine,48,1,77,5,0,14,5
2023-01-22,Dental,45,1,77,5,0,14,4
2023-01-22,ENT,30,1,77,5,0,9,3
2023-01-22,Orthopaedic,42,1,77,5,0,15,3
2023-01-23,General Medicine,32,9,131,6,0,12,5
2023-01-23,Dental,26,9,131,6,0,9,4
2023-01-23,ENT,18,9,131,6,0,6,3
2023-01-23,Orthopaedic,22,9,131,6,0,7,3
2023-01-24,General Medicine,47,8,112,3,0,15,5
2023-01-24,Dental,43,8,112,3,0,14,4
2023-01-24,ENT,27,8,112,3,0,8,3
2023-01-24,Orthopaedic,34,8,112,3,0,11,3
2023-01-25,General Medicine,52,9,98,3,0,18,5
2023-01-25,Dental,44,9,98,3,0,15,4
2023-01-25,ENT,31,9,98,3,0,10,3
2023-01-25,Orthopaedic,38,9,98,3,0,13,3
2023-01-26,General Medicine,54,7,126,2,0,19,5
2023-01-26,Dental,40,7,126,2,0,12,4
2023-01-26,ENT,28,7,126,2,0,8,3
2023-01-26,Orthopaedic,37,7,126,2,0,12,3
2023-01-27,General Medicine,46,2,75,5,0,14,5
2023-01-27,Dental,44,2,75,5,0,15,4
2023-01-27,ENT,33,2,75,5,0,11,3
2023-01-27,Orthopaedic,39,2,75,5,0,14,3
2023-01-28,General Medicine,43,6,134,3,0,15,5
2023-01-28,Dental,32,6,134,3,0,9,4
2023-01-28,ENT,28,6,134,3,0,10,3
2023-01-28,Orthopaedic,26,6,134,3,0,8,3
2023-01-29,General Medicine,52,1,79,1,0,16,5
2023-01-29,Dental,41,1,79,1,0,12,4
2023-01-29,ENT,34,1,79,1,0,11,3
2023-01-29,Orthopaedic,34,1,79,1,0,10,3
2023-01-30,General Medicine,27,14,133,1,0,8,5
2023-01-30,Dental,28,14,133,1,0,10,4
2023-01-30,ENT,18,14,133,1,0,6,3
2023-01-30,Orthopaedic,21,14,133,1,0,7,3
2023-01-31,General Medicine,51,1,139,6,0,16,5
2023-01-31,Dental,50,1,139,6,0,18,4
2023-01-31,ENT,31,1,139,6,0,9,3
2023-01-31,Orthopaedic,33,1,139,6,0,9,3
2023-02-01,General Medicine,46,7,71,6,0,14,5
2023-02-01,Dental,47,7,71,6,0,17,4
2023-02-01,ENT,31,7,71,6,0,10,3
2023-02-01,Orthopaedic,31,7,71,6,0,9,3
2023-02-02,General Medicine,47,14,84,1,0,15,5
2023-02-02,Dental,45,14,84,1,0,16,4
2023-02-02,ENT,28,14,84,1,0,9,3
2023-02-02,Orthopaedic,31,14,84,1,0,9,3
2023-02-03,General Medicine,50,-1,98,1,0,16,5
2023-02-03,Dental,41,-1,98,1,0,13,4
2023-02-03,ENT,33,-1,98,1,0,11,3
2023-02-03,Orthopaedic,38,-1,98,1,0,13,3
2023-02-04,General Medicine,41,3,107,4,0,13,5
2023-02-04,Dental,40,3,107,4,0,14,4
2023-02-04,ENT,29,3,107,4,0,11,3
2023-02-04,Orthopaedic,30,3,107,4,0,10,3
2023-02-05,General Medicine,58,-3,85,6,0,20,5
2023-02-05,Dental,50,-3,85,6,0,18,4
2023-02-05,ENT,29,-3,85,6,0,8,3
2023-02-05,Orthopaedic,40,-3,85,6,0,13,3
2023-02-06,General Medicine,32,4,82,4,0,11,5
2023-02-06,Dental,26,4,82,4,0,8,4
2023-02-06,ENT,17,4,82,4,0,5,3
2023-02-06,Orthopaedic,22,4,82,4,0,7,3
2023-02-07,General Medicine,47,2,128,5,0,13,5
2023-02-07,Dental,45,2,128,5,0,15,4
2023-02-07,ENT,35,2,128,5,0,12,3
2023-02-07,Orthopaedic,41,2,128,5,0,14,3
2023-02-08,General Medicine,47,1,140,6,0,14,5
2023-02-08,Dental,41,1,140,6,0,12,4
2023-02-08,ENT,30,1,140,6,0,9,3
2023-02-08,Orthopaedic,40,1,140,6,0,14,3
2023-02-09,General Medicine,45,10,78,3,0,14,5
2023-02-09,Dental,40,10,78,3,0,13,4
2023-02-09,ENT,25,10,78,3,0,7,3
2023-02-09,Orthopaedic,34,10,78,3,0,11,3
2023-02-10,General Medicine,42,9,65,2,0,13,5
2023-02-10,Dental,33,9,65,2,0,9,4
2023-02-10,ENT,28,9,65,2,0,9,3
2023-02-10,Orthopaedic,32,9,65,2,0,11,3
2023-02-11,General Medicine,41,9,65,3,0,15,5
2023-02-11,Dental,28,9,65,3,0,8,4
2023-02-11,ENT,21,9,65,3,0,6,3
2023-02-11,Orthopaedic,27,9,65,3,0,9,3
2023-02-12,General Medicine,48,6,80,8,0,16,5
2023-02-12,Dental,39,6,80,8,0,12,4
2023-02-12,ENT,26,6,80,8,0,7,3
2023-02-12,Orthopaedic,37,6,80,8,0,13,3
2023-02-13,General Medicine,27,8,75,6,0,9,5
2023-02-13,Dental,21,8,75,6,0,6,4
2023-02-13,ENT,18,8,75,6,0,7,3
2023-02-13,Orthopaedic,17,8,75,6,0,5,3
2023-02-14,General Medicine,53,4,124,7,0,18,5
2023-02-14,Dental,48,4,124,7,0,17,4
2023-02-14,ENT,29,4,124,7,0,9,3
2023-02-14,Orthopaedic,40,4,124,7,0,14,3
2023-02-15,General Medicine,44,8,133,7,0,14,5
2023-02-15,Dental,42,8,133,7,0,14,4
2023-02-15,ENT,26,8,133,7,0,8,3
2023-02-15,Orthopaedic,32,8,133,7,0,10,3
2023-02-16,General Medicine,42,4,67,7,0,12,5
2023-02-16,Dental,41,4,67,7,0,14,4
2023-02-16,ENT,28,4,67,7,0,9,3
2023-02-16,Orthopaedic,33,4,67,7,0,11,3
2023-02-17,General Medicine,46,10,130,5,0,16,5
2023-02-17,Dental,40,10,130,5,0,14,4
2023-02-17,ENT,24,10,130,5,0,7,3
2023-02-17,Orthopaedic,33,10,130,5,0,11,3
2023-02-18,General Medicine,40,9,74,1,0,15,5
2023-02-18,Dental,33,9,74,1,0,12,4
2023-02-18,ENT,24,9,74,1,0,9,3
2023-02-18,Orthopaedic,28,9,74,1,0,10,3
2023-02-19,General Medicine,44,-1,102,3,0,13,5
2023-02-19,Dental,45,-1,102,3,0,16,4
2023-02-19,ENT,32,-1,102,3,0,11,3
2023-02-19,Orthopaedic,36,-1,102,3,0,12,3
2023-02-20,General Medicine,23,5,140,6,0,7,5
2023-02-20,Dental,24,5,140,6,0,8,4
2023-02-20,ENT,18,5,140,6,0,6,3
2023-02-20,Orthopaedic,20,5,140,6,0,7,3
2023-02-21,General Medicine,49,2,106,1,0,17,5
2023-02-21,Dental,44,2,106,1,0,16,4
2023-02-21,ENT,26,2,106,1,0,8,3
2023-02-21,Orthopaedic,37,2,106,1,0,13,3
2023-02-22,General Medicine,50,4,92,2,0,16,5
2023-02-22,Dental,41,4,92,2,0,13,4
2023-02-22,ENT,28,4,92,2,0,8,3
2023-02-22,Orthopaedic,33,4,92,2,0,10,3
2023-02-23,General Medicine,55,8,137,0,0,20,5
2023-02-23,Dental,40,8,137,0,0,13,4
2023-02-23,ENT,33,8,137,0,0,12,3
2023-02-23,Orthopaedic,37,8,137,0,0,13,3
2023-02-24,General Medicine,52,6,117,4,0,19,5
2023-02-24,Dental,43,6,117,4,0,15,4
2023-02-24,ENT,28,6,117,4,0,9,3
2023-02-24,Orthopaedic,34,6,117,4,0,11,3
2023-02-25,General Medicine,35,5,67,3,0,11,5
2023-02-25,Dental,36,5,67,3,0,13,4
2023-02-25,ENT,26,5,67,3,0,9,3
2023-02-25,Orthopaedic,25,5,67,3,0,8,3
2023-02-26,General Medicine,52,3,122,3,0,16,5
2023-02-26,Dental,42,3,122,3,0,12,4
2023-02-26,ENT,31,3,122,3,0,9,3
2023-02-26,Orthopaedic,34,3,122,3,0,10,3
2023-02-27,General Medicine,25,5,98,0,0,7,5
2023-02-27,Dental,22,5,98,0,0,7,4
2023-02-27,ENT,17,5,98,0,0,6,3
2023-02-27,Orthopaedic,20,5,98,0,0,7,3
2023-02-28,General Medicine,46,11,125,2,0,14,5
2023-02-28,Dental,45,11,125,2,0,16,4
2023-02-28,ENT,29,11,125,2,0,9,3
2023-02-28,Orthopaedic,37,11,125,2,0,13,3
2023-03-01,General Medicine,45,7,112,3,0,13,5
2023-03-01,Dental,47,7,112,3,0,17,4
2023-03-01,ENT,31,7,112,3,0,10,3
2023-03-01,Orthopaedic,35,7,112,3,0,11,3
2023-03-02,General Medicine,47,5,64,4,0,15,5
2023-03-02,Dental,45,5,64,4,0,16,4
2023-03-02,ENT,26,5,64,4,0,8,3
2023-03-02,Orthopaedic,34,5,64,4,0,11,3
2023-03-03,General Medicine,50,13,62,5,0,18,5
2023-03-03,Dental,37,13,62,5,0,12,4
2023-03-03,ENT,30,13,62,5,0,11,3
2023-03-03,Orthopaedic,33,13,62,5,0,11,3
2023-03-04,General Medicine,39,9,68,6,0,13,5
2023-03-04,Dental,33,9,68,6,0,11,4
2023-03-04,ENT,22,9,68,6,0,7,3
2023-03-04,Orthopaedic,29,9,68,6,0,10,3
2023-03-05,General Medicine,46,3,97,7,0,13,5
2023-03-05,Dental,43,3,97,7,0,14,4
2023-03-05,ENT,36,3,97,7,0,13,3
2023-03-05,Orthopaedic,35,3,97,7,0,11,3
2023-03-06,General Medicine,25,11,111,3,0,7,5
2023-03-06,Dental,23,11,111,3,0,7,4
2023-03-06,ENT,19,11,111,3,0,7,3
2023-03-06,Orthopaedic,20,11,111,3,0,6,3
2023-03-07,General Medicine,54,0,118,2,0,18,5
2023-03-07,Dental,42,0,118,2,0,13,4
2023-03-07,ENT,33,0,118,2,0,11,3
2023-03-07,Orthopaedic,40,0,118,2,0,14,3
2023-03-08,General Medicine,41,14,132,7,0,12,5
2023-03-08,Dental,44,14,132,7,0,16,4
2023-03-08,ENT,30,14,132,7,0,10,3
2023-03-08,Orthopaedic,37,14,132,7,0,13,3
2023-03-09,General Medicine,47,22,74,1,0,16,5
2023-03-09,Dental,39,22,74,1,0,13,4
2023-03-09,ENT,29,22,74,1,0,10,3
2023-03-09,Orthopaedic,34,22,74,1,0,12,3
2023-03-10,General Medicine,46,0,101,6,0,15,5
2023-03-10,Dental,40,0,101,6,0,13,4
2023-03-10,ENT,30,0,101,6,0,10,3
2023-03-10,Orthopaedic,33,0,101,6,0,11,3
2023-03-11,General Medicine,41,6,123,4,0,15,5
2023-03-11,Dental,35,6,123,4,0,12,4
2023-03-11,ENT,22,6,123,4,0,7,3
2023-03-11,Orthopaedic,29,6,123,4,0,10,3
2023-03-12,General Medicine,50,11,98,7,0,18,5
2023-03-12,Dental,44,11,98,7,0,16,4
2023-03-12,ENT,25,11,98,7,0,7,3
2023-03-12,Orthopaedic,32,11,98,7,0,10,3
2023-03-13,General Medicine,29,8,138,3,0,10,5
2023-03-13,Dental,21,8,138,3,0,6,4
2023-03-13,ENT,19,8,138,3,0,7,3
2023-03-13,Orthopaedic,17,8,138,3,0,5,3
2023-03-14,General Medicine,43,8,129,3,0,13,5
2023-03-14,Dental,38,8,129,3,0,12,4
2023-03-14,ENT,25,8,129,3,0,7,3
2023-03-14,Orthopaedic,30,8,129,3,0,9,3
2023-03-15,General Medicine,47,6,69,7,0,17,5
2023-03-15,Dental,40,6,69,7,0,14,4
2023-03-15,ENT,28,6,69,7,0,10,3
2023-03-15,Orthopaedic,28,6,69,7,0,8,3
2023-03-16,General Medicine,49,15,136,3,0,18,5
2023-03-16,Dental,38,15,136,3,0,12,4
2023-03-16,ENT,29,15,136,3,0,10,3
2023-03-16,Orthopaedic,28,15,136,3,0,8,3
2023-03-17,General Medicine,43,5,78,6,0,15,5
2023-03-17,Dental,36,5,78,6,0,12,4
2023-03-17,ENT,27,5,78,6,0,9,3
2023-03-17,Orthopaedic,29,5,78,6,0,9,3
2023-03-18,General Medicine,34,5,73,6,0,11,5
2023-03-18,Dental,31,5,73,6,0,11,4
2023-03-18,ENT,20,5,73,6,0,6,3
2023-03-18,Orthopaedic,22,5,73,6,0,6,3
2023-03-19,General Medicine,38,9,99,5,0,11,5
2023-03-19,Dental,42,9,99,5,0,15,4
2023-03-19,ENT,27,9,99,5,0,9,3
2023-03-19,Orthopaedic,31,9,99,5,0,10,3
2023-03-20,General Medicine,26,16,83,4,0,9,5
2023-03-20,Dental,21,16,83,4,0,7,4
2023-03-20,ENT,14,16,83,4,0,4,3
2023-03-20,Orthopaedic,18,16,83,4,0,6,3
2023-03-21,General Medicine,47,6,110,4,0,17,5
2023-03-21,Dental,37,6,110,4,0,13,4
2023-03-21,ENT,25,6,110,4,0,8,3
2023-03-21,Orthopaedic,29,6,110,4,0,9,3
2023-03-22,General Medicine,43,10,74,2,0,13,5
2023-03-22,Dental,40,10,74,2,0,13,4
2023-03-22,ENT,27,10,74,2,0,8,3
2023-03-22,Orthopaedic,30,10,74,2,0,9,3
2023-03-23,General Medicine,43,14,140,5,0,13,5
2023-03-23,Dental,37,14,140,5,0,11,4
2023-03-23,ENT,33,14,140,5,0,12,3
2023-03-23,Orthopaedic,36,14,140,5,0,12,3
2023-03-24,General Medicine,42,14,74,6,0,13,5
2023-03-24,Dental,41,14,74,6,0,15,4
2023-03-24,ENT,25,14,74,6,0,7,3
2023-03-24,Orthopaedic,28,14,74,6,0,8,3
2023-03-25,General Medicine,36,9,132,2,0,11,5
2023-03-25,Dental,33,9,132,2,0,11,4
2023-03-25,ENT,23,9,132,2,0,7,3
2023-03-25,Orthopaedic,27,9,132,2,0,9,3
2023-03-26,General Medicine,53,10,109,8,0,19,5
2023-03-26,Dental,39,10,109,8,0,12,4
2023-03-26,ENT,29,10,109,8,0,9,3
2023-03-26,Orthopaedic,31,10,109,8,0,9,3
2023-03-27,General Medicine,27,10,78,4,0,9,5
2023-03-27,Dental,23,10,78,4,0,8,4
2023-03-27,ENT,14,10,78,4,0,4,3
2023-03-27,Orthopaedic,18,10,78,4,0,6,3
2023-03-28,General Medicine,53,2,63,7,0,19,5
2023-03-28,Dental,44,2,63,7,0,15,4
2023-03-28,ENT,31,2,63,7,0,10,3
2023-03-28,Orthopaedic,30,2,63,7,0,9,3
2023-03-29,General Medicine,40,5,66,1,0,11,5
2023-03-29,Dental,43,5,66,1,0,15,4
2023-03-29,ENT,32,5,66,1,0,12,3
2023-03-29,Orthopaedic,29,5,66,1,0,8,3
2023-03-30,General Medicine,50,8,134,5,0,17,5
2023-03-30,Dental,38,8,134,5,0,12,4
2023-03-30,ENT,28,8,134,5,0,9,3
2023-03-30,Orthopaedic,36,8,134,5,0,13,3
2023-03-31,General Medicine,51,-8,65,2,0,18,5
2023-03-31,Dental,41,-8,65,2,0,14,4
2023-03-31,ENT,26,-8,65,2,0,7,3
2023-03-31,Orthopaedic,34,-8,65,2,0,11,3
2023-04-01,General Medicine,40,18,88,4,0,13,5
2023-04-01,Dental,35,18,88,4,0,12,4
2023-04-01,ENT,23,18,88,4,0,7,3
2023-04-01,Orthopaedic,30,18,88,4,0,11,3
2023-04-02,General Medicine,52,20,128,4,0,17,5
2023-04-02,Dental,41,20,128,4,0,12,4
2023-04-02,ENT,35,20,128,4,0,12,3
2023-04-02,Orthopaedic,37,20,128,4,0,12,3
2023-04-03,General Medicine,26,20,104,1,0,8,5
2023-04-03,Dental,23,20,104,1,0,7,4
2023-04-03,ENT,16,20,104,1,0,5,3
2023-04-03,Orthopaedic,20,20,104,1,0,7,3
2023-04-04,General Medicine,51,24,116,5,0,17,5
2023-04-04,Dental,39,24,116,5,0,12,4
2023-04-04,ENT,30,24,116,5,0,10,3
2023-04-04,Orthopaedic,37,24,116,5,0,12,3
2023-04-05,General Medicine,51,18,132,1,0,16,5
2023-04-05,Dental,44,18,132,1,0,14,4
2023-04-05,ENT,29,18,132,1,0,9,3
2023-04-05,Orthopaedic,32,18,132,1,0,9,3
2023-04-06,General Medicine,56,18,118,1,0,20,5
2023-04-06,Dental,38,18,118,1,0,11,4
2023-04-06,ENT,32,18,118,1,0,11,3
2023-04-06,Orthopaedic,34,18,118,1,0,10,3
2023-04-07,General Medicine,52,5,80,4,0,19,5
2023-04-07,Dental,42,5,80,4,0,14,4
2023-04-07,ENT,27,5,80,4,0,8,3
2023-04-07,Orthopaedic,31,5,80,4,0,9,3
2023-04-08,General Medicine,34,18,87,1,0,10,5
2023-04-08,Dental,33,18,87,1,0,11,4
2023-04-08,ENT,22,18,87,1,0,7,3
2023-04-08,Orthopaedic,24,18,87,1,0,7,3
2023-04-09,General Medicine,45,24,101,6,0,14,5
2023-04-09,Dental,42,24,101,6,0,14,4
2023-04-09,ENT,28,24,101,6,0,9,3
2023-04-09,Orthopaedic,37,24,101,6,0,13,3
2023-04-10,General Medicine,30,23,134,5,0,10,5
2023-04-10,Dental,22,23,134,5,0,6,4
2023-04-10,ENT,16,23,134,5,0,5,3
2023-04-10,Orthopaedic,21,23,134,5,0,7,3
2023-04-11,General Medicine,53,16,115,3,0,19,5
2023-04-11,Dental,42,16,115,3,0,14,4
2023-04-11,ENT,32,16,115,3,0,11,3
2023-04-11,Orthopaedic,30,16,115,3,0,9,3
2023-04-12,General Medicine,47,17,93,7,0,15,5
2023-04-12,Dental,36,17,93,7,0,10,4
2023-04-12,ENT,26,17,93,7,0,8,3
2023-04-12,Orthopaedic,31,17,93,7,0,9,3
2023-04-13,General Medicine,51,21,88,6,0,18,5
2023-04-13,Dental,38,21,88,6,0,12,4
2023-04-13,ENT,31,21,88,6,0,11,3
2023-04-13,Orthopaedic,31,21,88,6,0,9,3
2023-04-14,General Medicine,41,13,107,5,0,12,5
2023-04-14,Dental,39,13,107,5,0,13,4
2023-04-14,ENT,30,13,107,5,0,11,3
2023-04-14,Orthopaedic,29,13,107,5,0,9,3
2023-04-15,General Medicine,41,10,134,3,0,15,5
2023-04-15,Dental,33,10,134,3,0,11,4
2023-04-15,ENT,22,10,134,3,0,7,3
2023-04-15,Orthopaedic,29,10,134,3,0,10,3
2023-04-16,General Medicine,49,10,105,7,0,17,5
2023-04-16,Dental,34,10,105,7,0,10,4
2023-04-16,ENT,27,10,105,7,0,8,3
2023-04-16,Orthopaedic,32,10,105,7,0,10,3
2023-04-17,General Medicine,25,23,71,2,0,8,5
2023-04-17,Dental,23,23,71,2,0,8,4
2023-04-17,ENT,16,23,71,2,0,5,3
2023-04-17,Orthopaedic,20,23,71,2,0,7,3
2023-04-18,General Medicine,49,17,138,7,0,17,5
2023-04-18,Dental,36,17,138,7,0,11,4
2023-04-18,ENT,24,17,138,7,0,7,3
2023-04-18,Orthopaedic,30,17,138,7,0,9,3
2023-04-19,General Medicine,47,15,133,2,0,15,5
2023-04-19,Dental,43,15,133,2,0,15,4
2023-04-19,ENT,28,15,133,2,0,9,3
2023-04-19,Orthopaedic,34,15,133,2,0,11,3
2023-04-20,General Medicine,42,18,71,4,0,13,5
2023-04-20,Dental,41,18,71,4,0,15,4
2023-04-20,ENT,25,18,71,4,0,7,3
2023-04-20,Orthopaedic,31,18,71,4,0,10,3
2023-04-21,General Medicine,48,17,73,6,0,17,5
2023-04-21,Dental,36,17,73,6,0,12,4
2023-04-21,ENT,28,17,73,6,0,10,3
2023-04-21,Orthopaedic,26,17,73,6,0,7,3
2023-04-22,General Medicine,35,14,130,3,0,10,5
2023-04-22,Dental,37,14,130,3,0,13,4
2023-04-22,ENT,23,14,130,3,0,7,3
2023-04-22,Orthopaedic,29,14,130,3,0,10,3
2023-04-23,General Medicine,52,7,92,7,0,18,5
2023-04-23,Dental,44,7,92,7,0,15,4
2023-04-23,ENT,28,7,92,7,0,8,3
2023-04-23,Orthopaedic,37,7,92,7,0,13,3
2023-04-24,General Medicine,28,20,94,5,0,9,5
2023-04-24,Dental,26,20,94,5,0,9,4
2023-04-24,ENT,15,20,94,5,0,4,3
2023-04-24,Orthopaedic,19,20,94,5,0,6,3
2023-04-25,General Medicine,49,17,84,8,0,17,5
2023-04-25,Dental,38,17,84,8,0,12,4
2023-04-25,ENT,29,17,84,8,0,9,3
2023-04-25,Orthopaedic,30,17,84,8,0,9,3
2023-04-26,General Medicine,51,21,63,3,0,18,5
2023-04-26,Dental,36,21,63,3,0,10,4
2023-04-26,ENT,31,21,63,3,0,10,3
2023-04-26,Orthopaedic,37,21,63,3,0,13,3
2023-04-27,General Medicine,48,20,78,2,0,16,5
2023-04-27,Dental,36,20,78,2,0,10,4
2023-04-27,ENT,30,20,78,2,0,10,3
2023-04-27,Orthopaedic,34,20,78,2,0,11,3
2023-04-28,General Medicine,42,15,130,2,0,12,5
2023-04-28,Dental,35,15,130,2,0,10,4
2023-04-28,ENT,30,15,130,2,0,10,3
2023-04-28,Orthopaedic,30,15,130,2,0,9,3
2023-04-29,General Medicine,34,6,123,4,0,10,5
2023-04-29,Dental,37,6,123,4,0,13,4
2023-04-29,ENT,24,6,123,4,0,7,3
2023-04-29,Orthopaedic,31,6,123,4,0,11,3
2023-04-30,General Medicine,54,19,118,7,0,19,5
2023-04-30,Dental,42,19,118,7,0,13,4
2023-04-30,ENT,30,19,118,7,0,9,3
2023-04-30,Orthopaedic,34,19,118,7,0,10,3
2023-05-01,General Medicine,30,18,98,6,0,10,5
2023-05-01,Dental,25,18,98,6,0,8,4
2023-05-01,ENT,21,18,98,6,0,8,3
2023-05-01,Orthopaedic,23,18,98,6,0,8,3
2023-05-02,General Medicine,47,27,80,1,0,14,5
2023-05-02,Dental,47,27,80,1,0,16,4
2023-05-02,ENT,34,27,80,1,0,12,3
2023-05-02,Orthopaedic,32,27,80,1,0,9,3
2023-05-03,General Medicine,47,28,100,3,0,14,5
2023-05-03,Dental,43,28,100,3,0,13,4
2023-05-03,ENT,33,28,100,3,0,11,3
2023-05-03,Orthopaedic,39,28,100,3,0,13,3
2023-05-04,General Medicine,54,13,113,4,0,17,5
2023-05-04,Dental,51,13,113,4,0,18,4
2023-05-04,ENT,36,13,113,4,0,12,3
2023-05-04,Orthopaedic,36,13,113,4,0,11,3
2023-05-05,General Medicine,51,20,108,4,0,17,5
2023-05-05,Dental,46,20,108,4,0,16,4
2023-05-05,ENT,30,20,108,4,0,9,3
2023-05-05,Orthopaedic,40,20,108,4,0,14,3
2023-05-06,General Medicine,40,22,92,6,0,12,5
2023-05-06,Dental,39,22,92,6,0,14,4
2023-05-06,ENT,25,22,92,6,0,8,3
2023-05-06,Orthopaedic,30,22,92,6,0,10,3
2023-05-07,General Medicine,56,28,103,7,0,19,5
2023-05-07,Dental,52,28,103,7,0,19,4
2023-05-07,ENT,37,28,103,7,0,13,3
2023-05-07,Orthopaedic,34,28,103,7,0,10,3
2023-05-08,General Medicine,28,19,71,6,0,9,5
2023-05-08,Dental,27,19,71,6,0,10,4
2023-05-08,ENT,18,19,71,6,0,6,3
2023-05-08,Orthopaedic,20,19,71,6,0,6,3
2023-05-09,General Medicine,48,12,85,8,0,15,5
2023-05-09,Dental,45,12,85,8,0,15,4
2023-05-09,ENT,28,12,85,8,0,8,3
2023-05-09,Orthopaedic,37,12,85,8,0,13,3
2023-05-10,General Medicine,56,18,91,8,0,20,5
2023-05-10,Dental,47,18,91,8,0,16,4
2023-05-10,ENT,29,18,91,8,0,9,3
2023-05-10,Orthopaedic,37,18,91,8,0,12,3
2023-05-11,General Medicine,50,25,113,4,0,15,5
2023-05-11,Dental,48,25,113,4,0,17,4
2023-05-11,ENT,35,25,113,4,0,12,3
2023-05-11,Orthopaedic,41,25,113,4,0,15,3
2023-05-12,General Medicine,50,16,74,6,0,17,5
2023-05-12,Dental,37,16,74,6,0,11,4
2023-05-12,ENT,30,16,74,6,0,10,3
2023-05-12,Orthopaedic,36,16,74,6,0,12,3
2023-05-13,General Medicine,35,23,85,3,0,10,5
2023-05-13,Dental,39,23,85,3,0,14,4
2023-05-13,ENT,22,23,85,3,0,6,3
2023-05-13,Orthopaedic,31,23,85,3,0,11,3
2023-05-14,General Medicine,48,21,76,7,0,15,5
2023-05-14,Dental,48,21,76,7,0,17,4
2023-05-14,ENT,28,21,76,7,0,8,3
2023-05-14,Orthopaedic,33,21,76,7,0,10,3
2023-05-15,General Medicine,28,22,99,2,0,9,5
2023-05-15,Dental,21,22,99,2,0,6,4
2023-05-15,ENT,19,22,99,2,0,7,3
2023-05-15,Orthopaedic,21,22,99,2,0,7,3
2023-05-16,General Medicine,53,22,111,6,0,19,5
2023-05-16,Dental,46,22,111,6,0,16,4
2023-05-16,ENT,28,22,111,6,0,8,3
2023-05-16,Orthopaedic,33,22,111,6,0,10,3
2023-05-17,General Medicine,53,12,95,6,0,19,5
2023-05-17,Dental,46,12,95,6,0,17,4
2023-05-17,ENT,31,12,95,6,0,10,3
2023-05-17,Orthopaedic,38,12,95,6,0,14,3
2023-05-18,General Medicine,46,30,114,6,0,14,5
2023-05-18,Dental,43,30,114,6,0,14,4
2023-05-18,ENT,27,30,114,6,0,8,3
2023-05-18,Orthopaedic,37,30,114,6,0,13,3
2023-05-19,General Medicine,46,26,94,2,0,15,5
2023-05-19,Dental,43,26,94,2,0,15,4
2023-05-19,ENT,29,26,94,2,0,10,3
2023-05-19,Orthopaedic,29,26,94,2,0,8,3
2023-05-20,General Medicine,35,21,109,2,0,10,5
2023-05-20,Dental,31,21,109,2,0,9,4
2023-05-20,ENT,22,21,109,2,0,7,3
2023-05-20,Orthopaedic,27,21,109,2,0,9,3
2023-05-21,General Medicine,52,21,84,0,0,18,5
2023-05-21,Dental,46,21,84,0,0,16,4
2023-05-21,ENT,27,21,84,0,0,8,3
2023-05-21,Orthopaedic,37,21,84,0,0,13,3
2023-05-22,General Medicine,22,30,69,2,1,7,5
2023-05-22,Dental,16,30,69,2,1,5,4
2023-05-22,ENT,12,30,69,2,1,4,3
2023-05-22,Orthopaedic,15,30,69,2,1,5,3
2023-05-23,General Medicine,46,11,70,2,0,14,5
2023-05-23,Dental,48,11,70,2,0,17,4
2023-05-23,ENT,33,11,70,2,0,11,3
2023-05-23,Orthopaedic,32,11,70,2,0,9,3
2023-05-24,General Medicine,54,17,127,5,0,18,5
2023-05-24,Dental,43,17,127,5,0,13,4
2023-05-24,ENT,34,17,127,5,0,11,3
2023-05-24,Orthopaedic,42,17,127,5,0,15,3
2023-05-25,General Medicine,54,26,127,7,0,18,5
2023-05-25,Dental,46,26,127,7,0,15,4
2023-05-25,ENT,36,26,127,7,0,13,3
2023-05-25,Orthopaedic,39,26,127,7,0,13,3
2023-05-26,General Medicine,43,31,89,5,0,12,5
2023-05-26,Dental,42,31,89,5,0,13,4
2023-05-26,ENT,31,31,89,5,0,10,3
2023-05-26,Orthopaedic,31,31,89,5,0,9,3
2023-05-27,General Medicine,44,18,118,6,0,15,5
2023-05-27,Dental,35,18,118,6,0,11,4
2023-05-27,ENT,26,18,118,6,0,8,3
2023-05-27,Orthopaedic,29,18,118,6,0,9,3
2023-05-28,General Medicine,60,27,129,7,0,21,5
2023-05-28,Dental,45,27,129,7,0,14,4
2023-05-28,ENT,37,27,129,7,0,13,3
2023-05-28,Orthopaedic,35,27,129,7,0,10,3
2023-05-29,General Medicine,28,18,126,5,0,8,5
2023-05-29,Dental,24,18,126,5,0,7,4
2023-05-29,ENT,19,18,126,5,0,6,3
2023-05-29,Orthopaedic,23,18,126,5,0,8,3
2023-05-30,General Medicine,55,18,119,4,0,19,5
2023-05-30,Dental,39,18,119,4,0,11,4
2023-05-30,ENT,29,18,119,4,0,8,3
2023-05-30,Orthopaedic,41,18,119,4,0,14,3
2023-05-31,General Medicine,58,16,117,6,0,20,5
2023-05-31,Dental,46,16,117,6,0,15,4
2023-05-31,ENT,33,16,117,6,0,11,3
2023-05-31,Orthopaedic,34,16,117,6,0,10,3
2023-06-01,General Medicine,46,27,96,43,0,14,5
2023-06-01,Dental,43,27,96,43,0,14,4
2023-06-01,ENT,29,27,96,43,0,9,3
2023-06-01,Orthopaedic,33,27,96,43,0,10,3
2023-06-02,General Medicine,52,32,102,39,0,19,5
2023-06-02,Dental,41,32,102,39,0,13,4
2023-06-02,ENT,30,32,102,39,0,10,3
2023-06-02,Orthopaedic,37,32,102,39,0,13,3
2023-06-03,General Medicine,47,29,129,7,0,16,5
2023-06-03,Dental,36,29,129,7,0,11,4
2023-06-03,ENT,31,29,129,7,0,11,3
2023-06-03,Orthopaedic,34,29,129,7,0,12,3
2023-06-04,General Medicine,55,23,87,2,0,17,5
2023-06-04,Dental,52,23,87,2,0,18,4
2023-06-04,ENT,37,23,87,2,0,13,3
2023-06-04,Orthopaedic,40,23,87,2,0,13,3
2023-06-05,General Medicine,31,33,117,14,0,10,5
2023-06-05,Dental,28,33,117,14,0,9,4
2023-06-05,ENT,20,33,117,14,0,6,3
2023-06-05,Orthopaedic,26,33,117,14,0,9,3
2023-06-06,General Medicine,52,27,105,0,0,16,5
2023-06-06,Dental,51,27,105,0,0,18,4
2023-06-06,ENT,34,27,105,0,0,11,3
2023-06-06,Orthopaedic,39,27,105,0,0,13,3
2023-06-07,General Medicine,51,22,88,41,0,17,5
2023-06-07,Dental,45,22,88,41,0,16,4
2023-06-07,ENT,30,22,88,41,0,9,3
2023-06-07,Orthopaedic,36,22,88,41,0,12,3
2023-06-08,General Medicine,52,34,75,39,0,19,5
2023-06-08,Dental,44,34,75,39,0,16,4
2023-06-08,ENT,27,34,75,39,0,8,3
2023-06-08,Orthopaedic,32,34,75,39,0,10,3
2023-06-09,General Medicine,53,24,73,34,0,19,5
2023-06-09,Dental,38,24,73,34,0,12,4
2023-06-09,ENT,30,24,73,34,0,10,3
2023-06-09,Orthopaedic,30,24,73,34,0,9,3
2023-06-10,General Medicine,39,26,75,20,0,12,5
2023-06-10,Dental,31,26,75,20,0,9,4
2023-06-10,ENT,25,26,75,20,0,8,3
2023-06-10,Orthopaedic,31,26,75,20,0,11,3
2023-06-11,General Medicine,50,32,134,18,0,16,5
2023-06-11,Dental,43,32,134,18,0,13,4
2023-06-11,ENT,30,32,134,18,0,9,3
2023-06-11,Orthopaedic,35,32,134,18,0,11,3
2023-06-12,General Medicine,30,27,132,41,0,11,5
2023-06-12,Dental,26,27,132,41,0,9,4
2023-06-12,ENT,15,27,132,41,0,4,3
2023-06-12,Orthopaedic,21,27,132,41,0,7,3
2023-06-13,General Medicine,55,22,116,20,0,20,5
2023-06-13,Dental,47,22,116,20,0,17,4
2023-06-13,ENT,30,22,116,20,0,9,3
2023-06-13,Orthopaedic,32,22,116,20,0,9,3
2023-06-14,General Medicine,50,25,60,12,0,16,5
2023-06-14,Dental,49,25,60,12,0,17,4
2023-06-14,ENT,31,25,60,12,0,10,3
2023-06-14,Orthopaedic,38,25,60,12,0,13,3
2023-06-15,General Medicine,50,25,126,35,0,17,5
2023-06-15,Dental,36,25,126,35,0,10,4
2023-06-15,ENT,33,25,126,35,0,12,3
2023-06-15,Orthopaedic,31,25,126,35,0,9,3
2023-06-16,General Medicine,49,29,103,7,0,16,5
2023-06-16,Dental,42,29,103,7,0,14,4
2023-06-16,ENT,31,29,103,7,0,11,3
2023-06-16,Orthopaedic,36,29,103,7,0,12,3
2023-06-17,General Medicine,42,29,128,8,0,14,5
2023-06-17,Dental,33,29,128,8,0,10,4
2023-06-17,ENT,27,29,128,8,0,9,3
2023-06-17,Orthopaedic,31,29,128,8,0,11,3
2023-06-18,General Medicine,50,29,123,2,0,15,5
2023-06-18,Dental,44,29,123,2,0,14,4
2023-06-18,ENT,33,29,123,2,0,11,3
2023-06-18,Orthopaedic,40,29,123,2,0,14,3
2023-06-19,General Medicine,26,28,79,24,0,8,5
2023-06-19,Dental,21,28,79,24,0,6,4
2023-06-19,ENT,18,28,79,24,0,6,3
2023-06-19,Orthopaedic,21,28,79,24,0,8,3
2023-06-20,General Medicine,47,31,77,9,0,15,5
2023-06-20,Dental,37,31,77,9,0,11,4
2023-06-20,ENT,28,31,77,9,0,9,3
2023-06-20,Orthopaedic,33,31,77,9,0,10,3
2023-06-21,General Medicine,53,23,108,28,0,19,5
2023-06-21,Dental,39,23,108,28,0,12,4
2023-06-21,ENT,30,23,108,28,0,10,3
2023-06-21,Orthopaedic,36,23,108,28,0,12,3
2023-06-22,General Medicine,53,28,100,34,0,18,5
2023-06-22,Dental,46,28,100,34,0,16,4
2023-06-22,ENT,29,28,100,34,0,9,3
2023-06-22,Orthopaedic,33,28,100,34,0,10,3
2023-06-23,General Medicine,55,31,76,3,0,19,5
2023-06-23,Dental,41,31,76,3,0,12,4
2023-06-23,ENT,35,31,76,3,0,13,3
2023-06-23,Orthopaedic,32,31,76,3,0,9,3
2023-06-24,General Medicine,43,33,87,23,0,15,5
2023-06-24,Dental,31,33,87,23,0,9,4
2023-06-24,ENT,27,33,87,23,0,9,3
2023-06-24,Orthopaedic,26,33,87,23,0,8,3
2023-06-25,General Medicine,32,30,69,37,1,9,5
2023-06-25,Dental,32,30,69,37,1,11,4
2023-06-25,ENT,22,30,69,37,1,7,3
2023-06-25,Orthopaedic,22,30,69,37,1,6,3
2023-06-26,General Medicine,32,30,129,34,0,11,5
2023-06-26,Dental,25,30,129,34,0,8,4
2023-06-26,ENT,16,30,129,34,0,5,3
2023-06-26,Orthopaedic,22,30,129,34,0,7,3
2023-06-27,General Medicine,45,24,73,12,0,13,5
2023-06-27,Dental,46,24,73,12,0,15,4
2023-06-27,ENT,33,24,73,12,0,11,3
2023-06-27,Orthopaedic,41,24,73,12,0,15,3
2023-06-28,General Medicine,50,31,83,20,0,16,5
2023-06-28,Dental,45,31,83,20,0,15,4
2023-06-28,ENT,29,31,83,20,0,9,3
2023-06-28,Orthopaedic,36,31,83,20,0,12,3
2023-06-29,General Medicine,48,24,95,22,0,15,5
2023-06-29,Dental,38,24,95,22,0,11,4
2023-06-29,ENT,35,24,95,22,0,13,3
2023-06-29,Orthopaedic,38,24,95,22,0,13,3
2023-06-30,General Medicine,50,22,133,36,0,17,5
2023-06-30,Dental,40,22,133,36,0,13,4
2023-06-30,ENT,27,22,133,36,0,8,3
2023-06-30,Orthopaedic,30,22,133,36,0,9,3
2023-07-01,General Medicine,39,32,103,20,0,13,5
2023-07-01,Dental,29,32,103,20,0,8,4
2023-07-01,ENT,25,32,103,20,0,9,3
2023-07-01,Orthopaedic,26,32,103,20,0,8,3
2023-07-02,General Medicine,44,36,137,41,0,13,5
2023-07-02,Dental,41,36,137,41,0,13,4
2023-07-02,ENT,27,36,137,41,0,8,3
2023-07-02,Orthopaedic,36,36,137,41,0,12,3
2023-07-03,General Medicine,26,25,100,35,0,8,5
2023-07-03,Dental,24,25,100,35,0,8,4
2023-07-03,ENT,19,25,100,35,0,7,3
2023-07-03,Orthopaedic,21,25,100,35,0,7,3
2023-07-04,General Medicine,36,32,80,43,1,13,5
2023-07-04,Dental,27,32,80,43,1,9,4
2023-07-04,ENT,21,32,80,43,1,7,3
2023-07-04,Orthopaedic,22,32,80,43,1,7,3
2023-07-05,General Medicine,45,28,117,37,0,14,5
2023-07-05,Dental,38,28,117,37,0,12,4
2023-07-05,ENT,30,28,117,37,0,10,3
2023-07-05,Orthopaedic,35,28,117,37,0,12,3
2023-07-06,General Medicine,52,35,85,20,0,18,5
2023-07-06,Dental,40,35,85,20,0,13,4
2023-07-06,ENT,28,35,85,20,0,9,3
2023-07-06,Orthopaedic,38,35,85,20,0,14,3
2023-07-07,General Medicine,40,21,77,40,0,12,5
2023-07-07,Dental,40,21,77,40,0,14,4
2023-07-07,ENT,30,21,77,40,0,11,3
2023-07-07,Orthopaedic,33,21,77,40,0,12,3
2023-07-08,General Medicine,32,17,103,28,0,9,5
2023-07-08,Dental,28,17,103,28,0,8,4
2023-07-08,ENT,25,17,103,28,0,9,3
2023-07-08,Orthopaedic,23,17,103,28,0,7,3
2023-07-09,General Medicine,39,25,94,42,0,11,5
2023-07-09,Dental,39,25,94,42,0,13,4
2023-07-09,ENT,26,25,94,42,0,8,3
2023-07-09,Orthopaedic,31,25,94,42,0,10,3
2023-07-10,General Medicine,24,29,80,20,0,7,5
2023-07-10,Dental,21,29,80,20,0,7,4
2023-07-10,ENT,17,29,80,20,0,6,3
2023-07-10,Orthopaedic,18,29,80,20,0,6,3
2023-07-11,General Medicine,50,34,124,11,0,16,5
2023-07-11,Dental,44,34,124,11,0,15,4
2023-07-11,ENT,28,34,124,11,0,8,3
2023-07-11,Orthopaedic,35,34,124,11,0,11,3
2023-07-12,General Medicine,47,26,110,0,0,15,5
2023-07-12,Dental,40,26,110,0,0,12,4
2023-07-12,ENT,33,26,110,0,0,12,3
2023-07-12,Orthopaedic,32,26,110,0,0,10,3
2023-07-13,General Medicine,53,31,74,3,0,19,5
2023-07-13,Dental,45,31,74,3,0,16,4
2023-07-13,ENT,26,31,74,3,0,7,3
2023-07-13,Orthopaedic,31,31,74,3,0,9,3
2023-07-14,General Medicine,34,21,76,6,1,11,5
2023-07-14,Dental,25,21,76,6,1,7,4
2023-07-14,ENT,20,21,76,6,1,6,3
2023-07-14,Orthopaedic,26,21,76,6,1,9,3
2023-07-15,General Medicine,31,29,139,39,0,9,5
2023-07-15,Dental,32,29,139,39,0,11,4
2023-07-15,ENT,23,29,139,39,0,8,3
2023-07-15,Orthopaedic,23,29,139,39,0,7,3
2023-07-16,General Medicine,48,33,124,2,0,15,5
2023-07-16,Dental,47,33,124,2,0,17,4
2023-07-16,ENT,31,33,124,2,0,10,3
2023-07-16,Orthopaedic,39,33,124,2,0,14,3
2023-07-17,General Medicine,25,28,93,39,0,9,5
2023-07-17,Dental,22,28,93,39,0,8,4
2023-07-17,ENT,15,28,93,39,0,5,3
2023-07-17,Orthopaedic,16,28,93,39,0,5,3
2023-07-18,General Medicine,46,28,100,2,0,15,5
2023-07-18,Dental,39,28,100,2,0,13,4
2023-07-18,ENT,24,28,100,2,0,7,3
2023-07-18,Orthopaedic,30,28,100,2,0,9,3
2023-07-19,General Medicine,50,36,123,28,0,18,5
2023-07-19,Dental,43,36,123,28,0,16,4
2023-07-19,ENT,27,36,123,28,0,9,3
2023-07-19,Orthopaedic,29,36,123,28,0,8,3
2023-07-20,General Medicine,41,27,72,7,0,12,5
2023-07-20,Dental,40,27,72,7,0,13,4
2023-07-20,ENT,32,27,72,7,0,12,3
2023-07-20,Orthopaedic,33,27,72,7,0,11,3
2023-07-21,General Medicine,41,20,75,33,0,13,5
2023-07-21,Dental,33,20,75,33,0,10,4
2023-07-21,ENT,24,20,75,33,0,7,3
2023-07-21,Orthopaedic,32,20,75,33,0,11,3
2023-07-22,General Medicine,39,21,78,4,0,12,5
2023-07-22,Dental,35,21,78,4,0,12,4
2023-07-22,ENT,23,21,78,4,0,7,3
2023-07-22,Orthopaedic,27,21,78,4,0,8,3
2023-07-23,General Medicine,44,30,109,23,0,13,5
2023-07-23,Dental,37,30,109,23,0,11,4
2023-07-23,ENT,32,30,109,23,0,11,3
2023-07-23,Orthopaedic,30,30,109,23,0,9,3
2023-07-24,General Medicine,25,23,73,42,0,8,5
2023-07-24,Dental,24,23,73,42,0,9,4
2023-07-24,ENT,17,23,73,42,0,6,3
2023-07-24,Orthopaedic,18,23,73,42,0,6,3
2023-07-25,General Medicine,47,31,122,12,0,14,5
2023-07-25,Dental,45,31,122,12,0,15,4
2023-07-25,ENT,32,31,122,12,0,11,3
2023-07-25,Orthopaedic,37,31,122,12,0,12,3
2023-07-26,General Medicine,47,22,88,43,0,16,5
2023-07-26,Dental,36,22,88,43,0,11,4
2023-07-26,ENT,29,22,88,43,0,10,3
2023-07-26,Orthopaedic,28,22,88,43,0,8,3
2023-07-27,General Medicine,51,27,96,9,0,17,5
2023-07-27,Dental,45,27,96,9,0,16,4
2023-07-27,ENT,29,27,96,9,0,9,3
2023-07-27,Orthopaedic,31,27,96,9,0,9,3
2023-07-28,General Medicine,48,27,137,13,0,15,5
2023-07-28,Dental,37,27,137,13,0,11,4
2023-07-28,ENT,32,27,137,13,0,11,3
2023-07-28,Orthopaedic,33,27,137,13,0,10,3
2023-07-29,General Medicine,41,37,122,21,0,12,5
2023-07-29,Dental,40,37,122,21,0,14,4
2023-07-29,ENT,27,37,122,21,0,9,3
2023-07-29,Orthopaedic,29,37,122,21,0,9,3
2023-07-30,General Medicine,44,23,103,10,0,12,5
2023-07-30,Dental,40,23,103,10,0,12,4
2023-07-30,ENT,30,23,103,10,0,9,3
2023-07-30,Orthopaedic,33,23,103,10,0,10,3
2023-07-31,General Medicine,29,32,86,4,0,10,5
2023-07-31,Dental,21,32,86,4,0,6,4
2023-07-31,ENT,17,32,86,4,0,5,3
2023-07-31,Orthopaedic,22,32,86,4,0,8,3
2023-08-01,General Medicine,50,28,61,4,0,18,5
2023-08-01,Dental,39,28,61,4,0,12,4
2023-08-01,ENT,28,28,61,4,0,9,3
2023-08-01,Orthopaedic,31,28,61,4,0,9,3
2023-08-02,General Medicine,49,26,116,29,0,17,5
2023-08-02,Dental,35,26,116,29,0,10,4
2023-08-02,ENT,30,26,116,29,0,10,3
2023-08-02,Orthopaedic,36,26,116,29,0,13,3
2023-08-03,General Medicine,50,28,93,2,0,17,5
2023-08-03,Dental,45,28,93,2,0,16,4
2023-08-03,ENT,26,28,93,2,0,8,3
2023-08-03,Orthopaedic,31,28,93,2,0,9,3
2023-08-04,General Medicine,49,26,84,3,0,17,5
2023-08-04,Dental,35,26,84,3,0,10,4
2023-08-04,ENT,31,26,84,3,0,11,3
2023-08-04,Orthopaedic,32,26,84,3,0,10,3
2023-08-05,General Medicine,44,24,132,7,0,16,5
2023-08-05,Dental,30,24,132,7,0,9,4
2023-08-05,ENT,21,24,132,7,0,6,3
2023-08-05,Orthopaedic,29,24,132,7,0,10,3
2023-08-06,General Medicine,46,35,88,30,0,15,5
2023-08-06,Dental,38,35,88,30,0,12,4
2023-08-06,ENT,29,35,88,30,0,10,3
2023-08-06,Orthopaedic,33,35,88,30,0,11,3
2023-08-07,General Medicine,25,26,109,31,0,8,5
2023-08-07,Dental,23,26,109,31,0,8,4
2023-08-07,ENT,17,26,109,31,0,6,3
2023-08-07,Orthopaedic,18,26,109,31,0,6,3
2023-08-08,General Medicine,42,28,93,16,0,14,5
2023-08-08,Dental,39,28,93,16,0,14,4
2023-08-08,ENT,25,28,93,16,0,8,3
2023-08-08,Orthopaedic,30,28,93,16,0,10,3
2023-08-09,General Medicine,41,23,132,6,0,12,5
2023-08-09,Dental,41,23,132,6,0,14,4
2023-08-09,ENT,32,23,132,6,0,11,3
2023-08-09,Orthopaedic,30,23,132,6,0,9,3
2023-08-10,General Medicine,44,15,115,39,0,15,5
2023-08-10,Dental,40,15,115,39,0,14,4
2023-08-10,ENT,27,15,115,39,0,9,3
2023-08-10,Orthopaedic,30,15,115,39,0,10,3
2023-08-11,General Medicine,45,28,136,39,0,16,5
2023-08-11,Dental,33,28,136,39,0,10,4
2023-08-11,ENT,27,28,136,39,0,10,3
2023-08-11,Orthopaedic,29,28,136,39,0,10,3
2023-08-12,General Medicine,31,24,114,24,0,9,5
2023-08-12,Dental,28,24,114,24,0,8,4
2023-08-12,ENT,20,24,114,24,0,6,3
2023-08-12,Orthopaedic,25,24,114,24,0,8,3
2023-08-13,General Medicine,43,35,69,24,0,14,5
2023-08-13,Dental,40,35,69,24,0,14,4
2023-08-13,ENT,27,35,69,24,0,9,3
2023-08-13,Orthopaedic,32,35,69,24,0,11,3
2023-08-14,General Medicine,24,25,113,4,0,7,5
2023-08-14,Dental,22,25,113,4,0,7,4
2023-08-14,ENT,16,25,113,4,0,5,3
2023-08-14,Orthopaedic,20,25,113,4,0,7,3
2023-08-15,General Medicine,37,27,120,19,0,11,5
2023-08-15,Dental,32,27,120,19,0,9,4
2023-08-15,ENT,28,27,120,19,0,10,3
2023-08-15,Orthopaedic,26,27,120,19,0,7,3
2023-08-16,General Medicine,40,25,100,18,0,13,5
2023-08-16,Dental,34,25,100,18,0,11,4
2023-08-16,ENT,24,25,100,18,0,7,3
2023-08-16,Orthopaedic,32,25,100,18,0,11,3
2023-08-17,General Medicine,39,25,93,13,0,12,5
2023-08-17,Dental,38,25,93,13,0,13,4
2023-08-17,ENT,29,25,93,13,0,10,3
2023-08-17,Orthopaedic,27,25,93,13,0,8,3
2023-08-18,General Medicine,45,27,136,2,0,15,5
2023-08-18,Dental,37,27,136,2,0,12,4
2023-08-18,ENT,26,27,136,2,0,8,3
2023-08-18,Orthopaedic,30,27,136,2,0,10,3
2023-08-19,General Medicine,33,21,102,7,0,10,5
2023-08-19,Dental,28,21,102,7,0,9,4
2023-08-19,ENT,19,21,102,7,0,6,3
2023-08-19,Orthopaedic,24,21,102,7,0,8,3
2023-08-20,General Medicine,37,32,90,26,0,11,5
2023-08-20,Dental,35,32,90,26,0,11,4
2023-08-20,ENT,28,32,90,26,0,10,3
2023-08-20,Orthopaedic,26,32,90,26,0,7,3
2023-08-21,General Medicine,23,30,76,40,0,8,5
2023-08-21,Dental,18,30,76,40,0,6,4
2023-08-21,ENT,13,30,76,40,0,4,3
2023-08-21,Orthopaedic,15,30,76,40,0,5,3
2023-08-22,General Medicine,38,23,65,27,0,11,5
2023-08-22,Dental,36,23,65,27,0,11,4
2023-08-22,ENT,28,23,65,27,0,10,3
2023-08-22,Orthopaedic,29,23,65,27,0,9,3
2023-08-23,General Medicine,37,20,93,43,0,11,5
2023-08-23,Dental,33,20,93,43,0,10,4
2023-08-23,ENT,28,20,93,43,0,10,3
2023-08-23,Orthopaedic,28,20,93,43,0,9,3
2023-08-24,General Medicine,39,33,115,44,0,12,5
2023-08-24,Dental,32,33,115,44,0,9,4
2023-08-24,ENT,23,33,115,44,0,7,3
2023-08-24,Orthopaedic,31,33,115,44,0,10,3
2023-08-25,General Medicine,44,18,136,11,0,14,5
2023-08-25,Dental,44,18,136,11,0,16,4
2023-08-25,ENT,25,18,136,11,0,7,3
2023-08-25,Orthopaedic,36,18,136,11,0,13,3
2023-08-26,General Medicine,36,30,140,31,0,11,5
2023-08-26,Dental,34,30,140,31,0,12,4
2023-08-26,ENT,21,30,140,31,0,6,3
2023-08-26,Orthopaedic,24,30,140,31,0,7,3
2023-08-27,General Medicine,51,24,125,15,0,18,5
2023-08-27,Dental,41,24,125,15,0,14,4
2023-08-27,ENT,28,24,125,15,0,9,3
2023-08-27,Orthopaedic,34,24,125,15,0,11,3
2023-08-28,General Medicine,22,22,81,18,0,6,5
2023-08-28,Dental,22,22,81,18,0,8,4
2023-08-28,ENT,17,22,81,18,0,6,3
2023-08-28,Orthopaedic,16,22,81,18,0,5,3
2023-08-29,General Medicine,48,27,134,4,0,16,5
2023-08-29,Dental,37,27,134,4,0,11,4
2023-08-29,ENT,31,27,134,4,0,11,3
2023-08-29,Orthopaedic,31,27,134,4,0,9,3
2023-08-30,General Medicine,52,37,137,11,0,16,5
2023-08-30,Dental,44,37,137,11,0,14,4
2023-08-30,ENT,33,37,137,11,0,10,3
2023-08-30,Orthopaedic,39,37,137,11,0,13,3
2023-08-31,General Medicine,49,17,129,28,0,17,5
2023-08-31,Dental,35,17,129,28,0,10,4
2023-08-31,ENT,28,17,129,28,0,9,3
2023-08-31,Orthopaedic,34,17,129,28,0,12,3
2023-09-01,General Medicine,43,15,119,39,0,15,5
2023-09-01,Dental,36,15,119,39,0,12,4
2023-09-01,ENT,24,15,119,39,0,7,3
2023-09-01,Orthopaedic,29,15,119,39,0,9,3
2023-09-02,General Medicine,38,30,130,31,0,13,5
2023-09-02,Dental,30,30,130,31,0,9,4
2023-09-02,ENT,24,30,130,31,0,8,3
2023-09-02,Orthopaedic,25,30,130,31,0,8,3
2023-09-03,General Medicine,46,27,89,16,0,15,5
2023-09-03,Dental,41,27,89,16,0,14,4
2023-09-03,ENT,28,27,89,16,0,9,3
2023-09-03,Orthopaedic,30,27,89,16,0,9,3
2023-09-04,General Medicine,29,26,136,3,0,10,5
2023-09-04,Dental,22,26,136,3,0,7,4
2023-09-04,ENT,17,26,136,3,0,5,3
2023-09-04,Orthopaedic,20,26,136,3,0,6,3
2023-09-05,General Medicine,47,15,118,31,0,16,5
2023-09-05,Dental,37,15,118,31,0,12,4
2023-09-05,ENT,28,15,118,31,0,9,3
2023-09-05,Orthopaedic,32,15,118,31,0,10,3
2023-09-06,General Medicine,41,24,112,17,0,12,5
2023-09-06,Dental,34,24,112,17,0,10,4
2023-09-06,ENT,27,24,112,17,0,8,3
2023-09-06,Orthopaedic,32,24,112,17,0,10,3
2023-09-07,General Medicine,38,29,90,42,0,12,5
2023-09-07,Dental,32,29,90,42,0,9,4
2023-09-07,ENT,28,29,90,42,0,10,3
2023-09-07,Orthopaedic,28,29,90,42,0,9,3
2023-09-08,General Medicine,43,24,120,19,0,15,5
2023-09-08,Dental,34,24,120,19,0,11,4
2023-09-08,ENT,28,24,120,19,0,10,3
2023-09-08,Orthopaedic,29,24,120,19,0,9,3
2023-09-09,General Medicine,36,20,113,31,0,12,5
2023-09-09,Dental,31,20,113,31,0,10,4
2023-09-09,ENT,20,20,113,31,0,6,3
2023-09-09,Orthopaedic,22,20,113,31,0,6,3
2023-09-10,General Medicine,40,19,91,1,0,11,5
2023-09-10,Dental,40,19,91,1,0,13,4
2023-09-10,ENT,28,19,91,1,0,9,3
2023-09-10,Orthopaedic,32,19,91,1,0,10,3
2023-09-11,General Medicine,27,22,131,18,0,10,5
2023-09-11,Dental,22,22,131,18,0,7,4
2023-09-11,ENT,15,22,131,18,0,5,3
2023-09-11,Orthopaedic,16,22,131,18,0,5,3
2023-09-12,General Medicine,37,34,119,21,0,11,5
2023-09-12,Dental,33,34,119,21,0,10,4
2023-09-12,ENT,23,34,119,21,0,6,3
2023-09-12,Orthopaedic,28,34,119,21,0,8,3
2023-09-13,General Medicine,39,19,122,15,0,11,5
2023-09-13,Dental,40,19,122,15,0,14,4
2023-09-13,ENT,28,19,122,15,0,9,3
2023-09-13,Orthopaedic,31,19,122,15,0,10,3
2023-09-14,General Medicine,39,18,71,38,0,13,5
2023-09-14,Dental,33,18,71,38,0,10,4
2023-09-14,ENT,22,18,71,38,0,6,3
2023-09-14,Orthopaedic,28,18,71,38,0,9,3
2023-09-15,General Medicine,41,23,74,19,0,14,5
2023-09-15,Dental,31,23,74,19,0,10,4
2023-09-15,ENT,26,23,74,19,0,9,3
2023-09-15,Orthopaedic,24,23,74,19,0,7,3
2023-09-16,General Medicine,34,31,114,23,0,11,5
2023-09-16,Dental,28,31,114,23,0,9,4
2023-09-16,ENT,19,31,114,23,0,6,3
2023-09-16,Orthopaedic,24,31,114,23,0,8,3
2023-09-17,General Medicine,44,26,83,33,0,16,5
2023-09-17,Dental,32,26,83,33,0,9,4
2023-09-17,ENT,26,26,83,33,0,9,3
2023-09-17,Orthopaedic,26,26,83,33,0,8,3
2023-09-18,General Medicine,25,26,108,18,0,9,5
2023-09-18,Dental,20,26,108,18,0,7,4
2023-09-18,ENT,13,26,108,18,0,4,3
2023-09-18,Orthopaedic,15,26,108,18,0,5,3
2023-09-19,General Medicine,44,21,83,1,0,15,5
2023-09-19,Dental,36,21,83,1,0,12,4
2023-09-19,ENT,26,21,83,1,0,9,3
2023-09-19,Orthopaedic,28,21,83,1,0,9,3
2023-09-20,General Medicine,44,24,96,18,0,16,5
2023-09-20,Dental,38,24,96,18,0,14,4
2023-09-20,ENT,22,24,96,18,0,6,3
2023-09-20,Orthopaedic,29,24,96,18,0,10,3
2023-09-21,General Medicine,45,17,119,23,0,16,5
2023-09-21,Dental,35,17,119,23,0,11,4
2023-09-21,ENT,28,17,119,23,0,10,3
2023-09-21,Orthopaedic,26,17,119,23,0,8,3
2023-09-22,General Medicine,42,17,104,2,0,13,5
2023-09-22,Dental,38,17,104,2,0,13,4
2023-09-22,ENT,27,17,104,2,0,9,3
2023-09-22,Orthopaedic,35,17,104,2,0,13,3
2023-09-23,General Medicine,31,17,114,26,0,9,5
2023-09-23,Dental,29,17,114,26,0,9,4
2023-09-23,ENT,21,17,114,26,0,6,3
2023-09-23,Orthopaedic,23,17,114,26,0,7,3
2023-09-24,General Medicine,49,12,114,19,0,17,5
2023-09-24,Dental,40,12,114,19,0,13,4
2023-09-24,ENT,31,12,114,19,0,11,3
2023-09-24,Orthopaedic,30,12,114,19,0,9,3
2023-09-25,General Medicine,26,14,98,40,0,9,5
2023-09-25,Dental,21,14,98,40,0,7,4
2023-09-25,ENT,13,14,98,40,0,4,3
2023-09-25,Orthopaedic,17,14,98,40,0,6,3
2023-09-26,General Medicine,37,18,72,30,0,11,5
2023-09-26,Dental,39,18,72,30,0,14,4
2023-09-26,ENT,25,18,72,30,0,8,3
2023-09-26,Orthopaedic,29,18,72,30,0,9,3
2023-09-27,General Medicine,48,15,126,21,0,17,5
2023-09-27,Dental,36,15,126,21,0,11,4
2023-09-27,ENT,26,15,126,21,0,8,3
2023-09-27,Orthopaedic,34,15,126,21,0,12,3
2023-09-28,General Medicine,39,19,79,30,0,12,5
2023-09-28,Dental,36,19,79,30,0,12,4
2023-09-28,ENT,25,19,79,30,0,8,3
2023-09-28,Orthopaedic,33,19,79,30,0,12,3
2023-09-29,General Medicine,41,26,60,42,0,14,5
2023-09-29,Dental,33,26,60,42,0,11,4
2023-09-29,ENT,21,26,60,42,0,6,3
2023-09-29,Orthopaedic,26,26,60,42,0,8,3
2023-09-30,General Medicine,36,20,66,33,0,13,5
2023-09-30,Dental,32,20,66,33,0,12,4
2023-09-30,ENT,21,20,66,33,0,7,3
2023-09-30,Orthopaedic,21,20,66,33,0,6,3
2023-10-01,General Medicine,57,14,186,5,0,19,5
2023-10-01,Dental,44,14,186,5,0,13,4
2023-10-01,ENT,32,14,186,5,0,10,3
2023-10-01,Orthopaedic,40,14,186,5,0,13,3
2023-10-02,General Medicine,29,8,174,6,0,9,5
2023-10-02,Dental,29,8,174,6,0,10,4
2023-10-02,ENT,18,8,174,6,0,5,3
2023-10-02,Orthopaedic,23,8,174,6,0,8,3
2023-10-03,General Medicine,45,18,147,5,0,13,5
2023-10-03,Dental,43,18,147,5,0,14,4
2023-10-03,ENT,30,18,147,5,0,9,3
2023-10-03,Orthopaedic,32,18,147,5,0,9,3
2023-10-04,General Medicine,60,25,163,3,0,21,5
2023-10-04,Dental,47,25,163,3,0,15,4
2023-10-04,ENT,30,25,163,3,0,9,3
2023-10-04,Orthopaedic,40,25,163,3,0,13,3
2023-10-05,General Medicine,50,12,209,5,0,15,5
2023-10-05,Dental,42,12,209,5,0,12,4
2023-10-05,ENT,32,12,209,5,0,10,3
2023-10-05,Orthopaedic,41,12,209,5,0,14,3
2023-10-06,General Medicine,46,17,172,0,0,13,5
2023-10-06,Dental,45,17,172,0,0,14,4
2023-10-06,ENT,34,17,172,0,0,11,3
2023-10-06,Orthopaedic,40,17,172,0,0,14,3
2023-10-07,General Medicine,45,15,158,7,0,16,5
2023-10-07,Dental,38,15,158,7,0,13,4
2023-10-07,ENT,27,15,158,7,0,9,3
2023-10-07,Orthopaedic,30,15,158,7,0,10,3
2023-10-08,General Medicine,58,16,176,2,0,20,5
2023-10-08,Dental,51,16,176,2,0,18,4
2023-10-08,ENT,33,16,176,2,0,11,3
2023-10-08,Orthopaedic,40,16,176,2,0,13,3
2023-10-09,General Medicine,30,12,207,7,0,10,5
2023-10-09,Dental,23,12,207,7,0,7,4
2023-10-09,ENT,17,12,207,7,0,5,3
2023-10-09,Orthopaedic,20,12,207,7,0,6,3
2023-10-10,General Medicine,44,11,140,1,0,13,5
2023-10-10,Dental,40,11,140,1,0,13,4
2023-10-10,ENT,28,11,140,1,0,8,3
2023-10-10,Orthopaedic,38,11,140,1,0,13,3
2023-10-11,General Medicine,50,18,192,5,0,15,5
2023-10-11,Dental,44,18,192,5,0,14,4
2023-10-11,ENT,36,18,192,5,0,13,3
2023-10-11,Orthopaedic,42,18,192,5,0,15,3
2023-10-12,General Medicine,52,9,171,2,0,17,5
2023-10-12,Dental,47,9,171,2,0,16,4
2023-10-12,ENT,34,9,171,2,0,12,3
2023-10-12,Orthopaedic,38,9,171,2,0,12,3
2023-10-13,General Medicine,47,18,159,7,0,15,5
2023-10-13,Dental,37,18,159,7,0,11,4
2023-10-13,ENT,28,18,159,7,0,9,3
2023-10-13,Orthopaedic,38,18,159,7,0,14,3
2023-10-14,General Medicine,36,23,191,7,0,10,5
2023-10-14,Dental,34,23,191,7,0,10,4
2023-10-14,ENT,28,23,191,7,0,10,3
2023-10-14,Orthopaedic,29,23,191,7,0,9,3
2023-10-15,General Medicine,53,12,140,4,0,19,5
2023-10-15,Dental,46,12,140,4,0,17,4
2023-10-15,ENT,30,12,140,4,0,10,3
2023-10-15,Orthopaedic,38,12,140,4,0,14,3
2023-10-16,General Medicine,26,13,131,7,0,8,5
2023-10-16,Dental,25,13,131,7,0,9,4
2023-10-16,ENT,15,13,131,7,0,5,3
2023-10-16,Orthopaedic,20,13,131,7,0,7,3
2023-10-17,General Medicine,46,19,208,7,0,14,5
2023-10-17,Dental,38,19,208,7,0,11,4
2023-10-17,ENT,33,19,208,7,0,12,3
2023-10-17,Orthopaedic,36,19,208,7,0,12,3
2023-10-18,General Medicine,45,17,136,1,0,14,5
2023-10-18,Dental,43,17,136,1,0,15,4
2023-10-18,ENT,32,17,136,1,0,11,3
2023-10-18,Orthopaedic,30,17,136,1,0,9,3
2023-10-19,General Medicine,45,20,134,7,0,14,5
2023-10-19,Dental,40,20,134,7,0,13,4
2023-10-19,ENT,30,20,134,7,0,10,3
2023-10-19,Orthopaedic,33,20,134,7,0,11,3
2023-10-20,General Medicine,54,2,200,2,0,18,5
2023-10-20,Dental,47,2,200,2,0,16,4
2023-10-20,ENT,29,2,200,2,0,8,3
2023-10-20,Orthopaedic,39,2,200,2,0,13,3
2023-10-21,General Medicine,38,13,195,1,0,12,5
2023-10-21,Dental,32,13,195,1,0,10,4
2023-10-21,ENT,24,13,195,1,0,8,3
2023-10-21,Orthopaedic,32,13,195,1,0,12,3
2023-10-22,General Medicine,56,21,182,3,0,18,5
2023-10-22,Dental,52,21,182,3,0,19,4
2023-10-22,ENT,34,21,182,3,0,11,3
2023-10-22,Orthopaedic,39,21,182,3,0,13,3
2023-10-23,General Medicine,31,10,131,6,0,11,5
2023-10-23,Dental,26,10,131,6,0,9,4
2023-10-23,ENT,17,10,131,6,0,5,3
2023-10-23,Orthopaedic,21,10,131,6,0,7,3
2023-10-24,General Medicine,52,22,194,3,0,17,5
2023-10-24,Dental,39,22,194,3,0,11,4
2023-10-24,ENT,29,22,194,3,0,8,3
2023-10-24,Orthopaedic,34,22,194,3,0,10,3
2023-10-25,General Medicine,57,15,190,3,0,20,5
2023-10-25,Dental,40,15,190,3,0,11,4
2023-10-25,ENT,31,15,190,3,0,10,3
2023-10-25,Orthopaedic,43,15,190,3,0,16,3
2023-10-26,General Medicine,49,16,196,2,0,15,5
2023-10-26,Dental,49,16,196,2,0,17,4
2023-10-26,ENT,31,16,196,2,0,9,3
2023-10-26,Orthopaedic,41,16,196,2,0,14,3
2023-10-27,General Medicine,49,11,200,6,0,15,5
2023-10-27,Dental,40,11,200,6,0,12,4
2023-10-27,ENT,31,11,200,6,0,10,3
2023-10-27,Orthopaedic,38,11,200,6,0,13,3
2023-10-28,General Medicine,46,11,136,5,0,17,5
2023-10-28,Dental,37,11,136,5,0,13,4
2023-10-28,ENT,27,11,136,5,0,9,3
2023-10-28,Orthopaedic,32,11,136,5,0,12,3
2023-10-29,General Medicine,46,15,153,1,0,13,5
2023-10-29,Dental,45,15,153,1,0,15,4
2023-10-29,ENT,28,15,153,1,0,8,3
2023-10-29,Orthopaedic,40,15,153,1,0,14,3
2023-10-30,General Medicine,28,22,132,4,0,9,5
2023-10-30,Dental,22,22,132,4,0,6,4
2023-10-30,ENT,17,22,132,4,0,5,3
2023-10-30,Orthopaedic,22,22,132,4,0,8,3
2023-10-31,General Medicine,48,17,143,2,0,15,5
2023-10-31,Dental,44,17,143,2,0,15,4
2023-10-31,ENT,32,17,143,2,0,11,3
2023-10-31,Orthopaedic,36,17,143,2,0,12,3
2023-11-01,General Medicine,65,14,183,0,0,23,5
2023-11-01,Dental,48,14,183,0,0,15,4
2023-11-01,ENT,32,14,183,0,0,9,3
2023-11-01,Orthopaedic,43,14,183,0,0,14,3
2023-11-02,General Medicine,58,17,138,5,0,20,5
2023-11-02,Dental,47,17,138,5,0,15,4
2023-11-02,ENT,32,17,138,5,0,10,3
2023-11-02,Orthopaedic,42,17,138,5,0,15,3
2023-11-03,General Medicine,65,4,182,0,0,23,5
2023-11-03,Dental,48,4,182,0,0,15,4
2023-11-03,ENT,33,4,182,0,0,10,3
2023-11-03,Orthopaedic,44,4,182,0,0,14,3
2023-11-04,General Medicine,52,10,184,2,0,19,5
2023-11-04,Dental,42,10,184,2,0,14,4
2023-11-04,ENT,26,10,184,2,0,7,3
2023-11-04,Orthopaedic,36,10,184,2,0,13,3
2023-11-05,General Medicine,41,12,209,3,1,13,5
2023-11-05,Dental,33,12,209,3,1,10,4
2023-11-05,ENT,24,12,209,3,1,7,3
2023-11-05,Orthopaedic,31,12,209,3,1,10,3
2023-11-06,General Medicine,34,9,139,2,0,12,5
2023-11-06,Dental,30,9,139,2,0,11,4
2023-11-06,ENT,19,9,139,2,0,6,3
2023-11-06,Orthopaedic,22,9,139,2,0,7,3
2023-11-07,General Medicine,57,9,140,8,0,20,5
2023-11-07,Dental,50,9,140,8,0,18,4
2023-11-07,ENT,35,9,140,8,0,12,3
2023-11-07,Orthopaedic,37,9,140,8,0,12,3
2023-11-08,General Medicine,59,12,197,1,0,20,5
2023-11-08,Dental,43,12,197,1,0,12,4
2023-11-08,ENT,37,12,197,1,0,13,3
2023-11-08,Orthopaedic,39,12,197,1,0,12,3
2023-11-09,General Medicine,59,7,180,8,0,20,5
2023-11-09,Dental,46,7,180,8,0,15,4
2023-11-09,ENT,32,7,180,8,0,10,3
2023-11-09,Orthopaedic,40,7,180,8,0,13,3
2023-11-10,General Medicine,49,3,131,3,0,14,5
2023-11-10,Dental,47,3,131,3,0,16,4
2023-11-10,ENT,35,3,131,3,0,12,3
2023-11-10,Orthopaedic,42,3,131,3,0,15,3
2023-11-11,General Medicine,44,1,140,2,0,14,5
2023-11-11,Dental,35,1,140,2,0,10,4
2023-11-11,ENT,29,1,140,2,0,10,3
2023-11-11,Orthopaedic,32,1,140,2,0,10,3
2023-11-12,General Medicine,55,16,139,5,0,18,5
2023-11-12,Dental,47,16,139,5,0,16,4
2023-11-12,ENT,36,16,139,5,0,13,3
2023-11-12,Orthopaedic,38,16,139,5,0,12,3
2023-11-13,General Medicine,32,8,140,3,0,11,5
2023-11-13,Dental,23,8,140,3,0,7,4
2023-11-13,ENT,21,8,140,3,0,8,3
2023-11-13,Orthopaedic,19,8,140,3,0,5,3
2023-11-14,General Medicine,50,14,190,1,0,15,5
2023-11-14,Dental,42,14,190,1,0,12,4
2023-11-14,ENT,31,14,190,1,0,9,3
2023-11-14,Orthopaedic,38,14,190,1,0,12,3
2023-11-15,General Medicine,52,7,192,3,0,17,5
2023-11-15,Dental,45,7,192,3,0,15,4
2023-11-15,ENT,33,7,192,3,0,11,3
2023-11-15,Orthopaedic,34,7,192,3,0,10,3
2023-11-16,General Medicine,49,8,160,6,0,16,5
2023-11-16,Dental,39,8,160,6,0,12,4
2023-11-16,ENT,29,8,160,6,0,9,3
2023-11-16,Orthopaedic,33,8,160,6,0,10,3
2023-11-17,General Medicine,44,15,138,4,0,13,5
2023-11-17,Dental,37,15,138,4,0,11,4
2023-11-17,ENT,32,15,138,4,0,11,3
2023-11-17,Orthopaedic,30,15,138,4,0,9,3
2023-11-18,General Medicine,39,12,177,8,0,12,5
2023-11-18,Dental,39,12,177,8,0,14,4
2023-11-18,ENT,24,12,177,8,0,7,3
2023-11-18,Orthopaedic,28,12,177,8,0,8,3
2023-11-19,General Medicine,52,10,192,2,0,16,5
2023-11-19,Dental,40,10,192,2,0,11,4
2023-11-19,ENT,30,10,192,2,0,9,3
2023-11-19,Orthopaedic,38,10,192,2,0,12,3
2023-11-20,General Medicine,27,5,173,3,0,8,5
2023-11-20,Dental,27,5,173,3,0,9,4
2023-11-20,ENT,17,5,173,3,0,5,3
2023-11-20,Orthopaedic,21,5,173,3,0,7,3
2023-11-21,General Medicine,49,5,131,7,0,16,5
2023-11-21,Dental,40,5,131,7,0,13,4
2023-11-21,ENT,27,5,131,7,0,8,3
2023-11-21,Orthopaedic,35,5,131,7,0,12,3
2023-11-22,General Medicine,55,11,175,7,0,17,5
2023-11-22,Dental,48,11,175,7,0,16,4
2023-11-22,ENT,35,11,175,7,0,11,3
2023-11-22,Orthopaedic,45,11,175,7,0,16,3
2023-11-23,General Medicine,51,4,148,4,0,15,5
2023-11-23,Dental,48,4,148,4,0,15,4
2023-11-23,ENT,38,4,148,4,0,13,3
2023-11-23,Orthopaedic,38,4,148,4,0,11,3
2023-11-24,General Medicine,48,9,190,6,0,14,5
2023-11-24,Dental,45,9,190,6,0,14,4
2023-11-24,ENT,32,9,190,6,0,10,3
2023-11-24,Orthopaedic,40,9,190,6,0,13,3
2023-11-25,General Medicine,44,14,193,6,0,14,5
2023-11-25,Dental,36,14,193,6,0,11,4
2023-11-25,ENT,25,14,193,6,0,7,3
2023-11-25,Orthopaedic,35,14,193,6,0,12,3
2023-11-26,General Medicine,61,7,187,1,0,21,5
2023-11-26,Dental,50,7,187,1,0,16,4
2023-11-26,ENT,32,7,187,1,0,9,3
2023-11-26,Orthopaedic,42,7,187,1,0,14,3
2023-11-27,General Medicine,29,9,179,3,0,8,5
2023-11-27,Dental,29,9,179,3,0,10,4
2023-11-27,ENT,20,9,179,3,0,6,3
2023-11-27,Orthopaedic,24,9,179,3,0,8,3
2023-11-28,General Medicine,49,32,142,2,0,15,5
2023-11-28,Dental,46,32,142,2,0,15,4
2023-11-28,ENT,32,32,142,2,0,10,3
2023-11-28,Orthopaedic,38,32,142,2,0,13,3
2023-11-29,General Medicine,60,5,146,4,0,22,5
2023-11-29,Dental,41,5,146,4,0,12,4
2023-11-29,ENT,29,5,146,4,0,8,3
2023-11-29,Orthopaedic,34,5,146,4,0,10,3
2023-11-30,General Medicine,62,3,163,7,0,20,5
2023-11-30,Dental,50,3,163,7,0,16,4
2023-11-30,ENT,34,3,163,7,0,10,3
2023-11-30,Orthopaedic,43,3,163,7,0,14,3
2023-12-01,General Medicine,60,10,208,5,0,21,5
2023-12-01,Dental,48,10,208,5,0,15,4
2023-12-01,ENT,38,10,208,5,0,13,3
2023-12-01,Orthopaedic,44,10,208,5,0,15,3
2023-12-02,General Medicine,51,7,171,1,0,18,5
2023-12-02,Dental,40,7,171,1,0,13,4
2023-12-02,ENT,32,7,171,1,0,11,3
2023-12-02,Orthopaedic,35,7,171,1,0,12,3
2023-12-03,General Medicine,69,4,142,1,0,25,5
2023-12-03,Dental,55,4,142,1,0,18,4
2023-12-03,ENT,39,4,142,1,0,13,3
2023-12-03,Orthopaedic,40,4,142,1,0,12,3
2023-12-04,General Medicine,38,13,204,5,0,14,5
2023-12-04,Dental,26,13,204,5,0,7,4
2023-12-04,ENT,18,13,204,5,0,5,3
2023-12-04,Orthopaedic,25,13,204,5,0,8,3
2023-12-05,General Medicine,55,9,169,3,0,17,5
2023-12-05,Dental,52,9,169,3,0,18,4
2023-12-05,ENT,31,9,169,3,0,9,3
2023-12-05,Orthopaedic,44,9,169,3,0,15,3
2023-12-06,General Medicine,62,0,177,5,0,20,5
2023-12-06,Dental,54,0,177,5,0,17,4
2023-12-06,ENT,44,0,177,5,0,16,3
2023-12-06,Orthopaedic,42,0,177,5,0,12,3
2023-12-07,General Medicine,60,5,194,5,0,20,5
2023-12-07,Dental,56,5,194,5,0,20,4
2023-12-07,ENT,36,5,194,5,0,12,3
2023-12-07,Orthopaedic,44,5,194,5,0,15,3
2023-12-08,General Medicine,61,2,200,4,0,21,5
2023-12-08,Dental,46,2,200,4,0,14,4
2023-12-08,ENT,40,2,200,4,0,14,3
2023-12-08,Orthopaedic,43,2,200,4,0,14,3
2023-12-09,General Medicine,41,10,185,7,0,12,5
2023-12-09,Dental,41,10,185,7,0,14,4
2023-12-09,ENT,30,10,185,7,0,10,3
2023-12-09,Orthopaedic,29,10,185,7,0,8,3
2023-12-10,General Medicine,65,-8,144,7,0,23,5
2023-12-10,Dental,52,-8,144,7,0,18,4
2023-12-10,ENT,41,-8,144,7,0,15,3
2023-12-10,Orthopaedic,39,-8,144,7,0,12,3
2023-12-11,General Medicine,31,6,161,5,0,10,5
2023-12-11,Dental,29,6,161,5,0,10,4
2023-12-11,ENT,20,6,161,5,0,7,3
2023-12-11,Orthopaedic,24,6,161,5,0,8,3
2023-12-12,General Medicine,52,-1,177,1,0,15,5
2023-12-12,Dental,46,-1,177,1,0,13,4
2023-12-12,ENT,41,-1,177,1,0,15,3
2023-12-12,Orthopaedic,42,-1,177,1,0,14,3
2023-12-13,General Medicine,60,-5,181,3,0,19,5
2023-12-13,Dental,57,-5,181,3,0,20,4
2023-12-13,ENT,39,-5,181,3,0,13,3
2023-12-13,Orthopaedic,40,-5,181,3,0,12,3
2023-12-14,General Medicine,64,4,148,3,0,23,5
2023-12-14,Dental,54,4,148,3,0,19,4
2023-12-14,ENT,40,4,148,3,0,15,3
2023-12-14,Orthopaedic,42,4,148,3,0,14,3
2023-12-15,General Medicine,57,-4,179,0,0,19,5
2023-12-15,Dental,53,-4,179,0,0,19,4
2023-12-15,ENT,34,-4,179,0,0,11,3
2023-12-15,Orthopaedic,40,-4,179,0,0,13,3
2023-12-16,General Medicine,42,6,138,2,0,14,5
2023-12-16,Dental,39,6,138,2,0,14,4
2023-12-16,ENT,28,6,138,2,0,10,3
2023-12-16,Orthopaedic,28,6,138,2,0,9,3
2023-12-17,General Medicine,54,6,171,8,0,17,5
2023-12-17,Dental,50,6,171,8,0,17,4
2023-12-17,ENT,34,6,171,8,0,11,3
2023-12-17,Orthopaedic,42,6,171,8,0,15,3
2023-12-18,General Medicine,26,6,133,3,0,8,5
2023-12-18,Dental,25,6,133,3,0,8,4
2023-12-18,ENT,17,6,133,3,0,5,3
2023-12-18,Orthopaedic,19,6,133,3,0,6,3
2023-12-19,General Medicine,59,0,207,5,0,20,5
2023-12-19,Dental,48,0,207,5,0,15,4
2023-12-19,ENT,36,0,207,5,0,12,3
2023-12-19,Orthopaedic,45,0,207,5,0,16,3
2023-12-20,General Medicine,57,18,192,6,0,19,5
2023-12-20,Dental,45,18,192,6,0,14,4
2023-12-20,ENT,32,18,192,6,0,10,3
2023-12-20,Orthopaedic,43,18,192,6,0,15,3
2023-12-21,General Medicine,53,6,163,4,0,17,5
2023-12-21,Dental,48,6,163,4,0,16,4
2023-12-21,ENT,31,6,163,4,0,9,3
2023-12-21,Orthopaedic,35,6,163,4,0,10,3
2023-12-22,General Medicine,59,7,197,0,0,21,5
2023-12-22,Dental,45,7,197,0,0,14,4
2023-12-22,ENT,35,7,197,0,0,12,3
2023-12-22,Orthopaedic,37,7,197,0,0,11,3
2023-12-23,General Medicine,42,11,134,6,0,13,5
2023-12-23,Dental,35,11,134,6,0,11,4
2023-12-23,ENT,28,11,134,6,0,10,3
2023-12-23,Orthopaedic,32,11,134,6,0,11,3
2023-12-24,General Medicine,56,7,199,3,0,17,5
2023-12-24,Dental,47,7,199,3,0,14,4
2023-12-24,ENT,39,7,199,3,0,14,3
2023-12-24,Orthopaedic,37,7,199,3,0,10,3
2023-12-25,General Medicine,30,6,189,3,0,9,5
2023-12-25,Dental,28,6,189,3,0,9,4
2023-12-25,ENT,18,6,189,3,0,5,3
2023-12-25,Orthopaedic,22,6,189,3,0,7,3
2023-12-26,General Medicine,62,4,169,6,0,21,5
2023-12-26,Dental,50,4,169,6,0,16,4
2023-12-26,ENT,38,4,169,6,0,12,3
2023-12-26,Orthopaedic,44,4,169,6,0,14,3
2023-12-27,General Medicine,64,20,189,7,0,23,5
2023-12-27,Dental,53,20,189,7,0,19,4
2023-12-27,ENT,37,20,189,7,0,12,3
2023-12-27,Orthopaedic,42,20,189,7,0,14,3
2023-12-28,General Medicine,66,4,155,5,0,24,5
2023-12-28,Dental,50,4,155,5,0,16,4
2023-12-28,ENT,32,4,155,5,0,9,3
2023-12-28,Orthopaedic,45,4,155,5,0,16,3
2023-12-29,General Medicine,44,12,163,8,1,16,5
2023-12-29,Dental,30,12,163,8,1,9,4
2023-12-29,ENT,27,12,163,8,1,10,3
2023-12-29,Orthopaedic,28,12,163,8,1,9,3
2023-12-30,General Medicine,44,6,135,6,0,14,5
2023-12-30,Dental,39,6,135,6,0,13,4
2023-12-30,ENT,29,6,135,6,0,10,3
2023-12-30,Orthopaedic,30,6,135,6,0,9,3
2023-12-31,General Medicine,62,13,142,5,0,22,5
2023-12-31,Dental,48,13,142,5,0,16,4
2023-12-31,ENT,32,13,142,5,0,10,3
2023-12-31,Orthopaedic,36,13,142,5,0,11,3
2024-01-01,General Medicine,32,8,109,6,0,12,5
2024-01-01,Dental,26,8,109,6,0,9,4
2024-01-01,ENT,17,8,109,6,0,5,3
2024-01-01,Orthopaedic,20,8,109,6,0,6,3
2024-01-02,General Medicine,52,7,110,0,0,18,5
2024-01-02,Dental,43,7,110,0,0,14,4
2024-01-02,ENT,32,7,110,0,0,11,3
2024-01-02,Orthopaedic,34,7,110,0,0,11,3
2024-01-03,General Medicine,54,12,106,7,0,19,5
2024-01-03,Dental,38,12,106,7,0,11,4
2024-01-03,ENT,27,12,106,7,0,8,3
2024-01-03,Orthopaedic,35,12,106,7,0,11,3
2024-01-04,General Medicine,50,-8,90,2,0,15,5
2024-01-04,Dental,49,-8,90,2,0,17,4
2024-01-04,ENT,30,-8,90,2,0,9,3
2024-01-04,Orthopaedic,39,-8,90,2,0,13,3
2024-01-05,General Medicine,44,10,82,2,0,13,5
2024-01-05,Dental,44,10,82,2,0,15,4
2024-01-05,ENT,30,10,82,2,0,10,3
2024-01-05,Orthopaedic,31,10,82,2,0,9,3
2024-01-06,General Medicine,49,-6,140,0,0,17,5
2024-01-06,Dental,35,-6,140,0,0,10,4
2024-01-06,ENT,30,-6,140,0,0,10,3
2024-01-06,Orthopaedic,36,-6,140,0,0,13,3
2024-01-07,General Medicine,56,-5,64,3,0,18,5
2024-01-07,Dental,42,-5,64,3,0,12,4
2024-01-07,ENT,32,-5,64,3,0,10,3
2024-01-07,Orthopaedic,38,-5,64,3,0,12,3
2024-01-08,General Medicine,26,3,70,1,0,8,5
2024-01-08,Dental,25,3,70,1,0,8,4
2024-01-08,ENT,19,3,70,1,0,6,3
2024-01-08,Orthopaedic,19,3,70,1,0,6,3
2024-01-09,General Medicine,48,14,75,6,0,16,5
2024-01-09,Dental,45,14,75,6,0,16,4
2024-01-09,ENT,28,14,75,6,0,9,3
2024-01-09,Orthopaedic,30,14,75,6,0,9,3
2024-01-10,General Medicine,47,9,134,2,0,14,5
2024-01-10,Dental,45,9,134,2,0,15,4
2024-01-10,ENT,32,9,134,2,0,11,3
2024-01-10,Orthopaedic,34,9,134,2,0,10,3
2024-01-11,General Medicine,49,3,136,1,0,14,5
2024-01-11,Dental,51,3,136,1,0,19,4
2024-01-11,ENT,29,3,136,1,0,8,3
2024-01-11,Orthopaedic,39,3,136,1,0,13,3
2024-01-12,General Medicine,47,-2,134,7,0,14,5
2024-01-12,Dental,38,-2,134,7,0,11,4
2024-01-12,ENT,35,-2,134,7,0,13,3
2024-01-12,Orthopaedic,40,-2,134,7,0,14,3
2024-01-13,General Medicine,42,10,63,0,0,15,5
2024-01-13,Dental,33,10,63,0,0,11,4
2024-01-13,ENT,23,10,63,0,0,7,3
2024-01-13,Orthopaedic,27,10,63,0,0,9,3
2024-01-14,General Medicine,57,2,62,0,0,20,5
2024-01-14,Dental,46,2,62,0,0,15,4
2024-01-14,ENT,29,2,62,0,0,8,3
2024-01-14,Orthopaedic,38,2,62,0,0,13,3
2024-01-15,General Medicine,27,-3,134,5,0,8,5
2024-01-15,Dental,28,-3,134,5,0,10,4
2024-01-15,ENT,16,-3,134,5,0,5,3
2024-01-15,Orthopaedic,20,-3,134,5,0,6,3
2024-01-16,General Medicine,51,-1,89,4,0,18,5
2024-01-16,Dental,38,-1,89,4,0,11,4
2024-01-16,ENT,32,-1,89,4,0,11,3
2024-01-16,Orthopaedic,30,-1,89,4,0,9,3
2024-01-17,General Medicine,52,-3,66,0,0,18,5
2024-01-17,Dental,38,-3,66,0,0,11,4
2024-01-17,ENT,27,-3,66,0,0,8,3
2024-01-17,Orthopaedic,31,-3,66,0,0,9,3
2024-01-18,General Medicine,43,10,85,8,0,13,5
2024-01-18,Dental,42,10,85,8,0,15,4
2024-01-18,ENT,26,10,85,8,0,8,3
2024-01-18,Orthopaedic,35,10,85,8,0,12,3
2024-01-19,General Medicine,49,-9,109,1,0,17,5
2024-01-19,Dental,42,-9,109,1,0,14,4
2024-01-19,ENT,27,-9,109,1,0,8,3
2024-01-19,Orthopaedic,30,-9,109,1,0,9,3
2024-01-20,General Medicine,36,8,123,5,0,11,5
2024-01-20,Dental,33,8,123,5,0,11,4
2024-01-20,ENT,24,8,123,5,0,8,3
2024-01-20,Orthopaedic,24,8,123,5,0,7,3
2024-01-21,General Medicine,43,11,90,0,0,13,5
2024-01-21,Dental,34,11,90,0,0,10,4
2024-01-21,ENT,28,11,90,0,0,9,3
2024-01-21,Orthopaedic,36,11,90,0,0,13,3
2024-01-22,General Medicine,28,8,118,5,0,9,5
2024-01-22,Dental,25,8,118,5,0,8,4
2024-01-22,ENT,20,8,118,5,0,7,3
2024-01-22,Orthopaedic,23,8,118,5,0,8,3
2024-01-23,General Medicine,51,6,81,0,0,18,5
2024-01-23,Dental,43,6,81,0,0,15,4
2024-01-23,ENT,30,6,81,0,0,10,3
2024-01-23,Orthopaedic,29,6,81,0,0,8,3
2024-01-24,General Medicine,51,-4,87,1,0,16,5
2024-01-24,Dental,46,-4,87,1,0,15,4
2024-01-24,ENT,32,-4,87,1,0,10,3
2024-01-24,Orthopaedic,38,-4,87,1,0,12,3
2024-01-25,General Medicine,52,5,107,6,0,18,5
2024-01-25,Dental,45,5,107,6,0,16,4
2024-01-25,ENT,30,5,107,6,0,10,3
2024-01-25,Orthopaedic,36,5,107,6,0,12,3
2024-01-26,General Medicine,55,4,102,1,0,20,5
2024-01-26,Dental,40,4,102,1,0,12,4
2024-01-26,ENT,34,4,102,1,0,12,3
2024-01-26,Orthopaedic,38,4,102,1,0,13,3
2024-01-27,General Medicine,40,-9,73,1,0,12,5
2024-01-27,Dental,37,-9,73,1,0,12,4
2024-01-27,ENT,28,-9,73,1,0,10,3
2024-01-27,Orthopaedic,26,-9,73,1,0,7,3
2024-01-28,General Medicine,51,3,82,7,0,16,5
2024-01-28,Dental,45,3,82,7,0,14,4
2024-01-28,ENT,31,3,82,7,0,10,3
2024-01-28,Orthopaedic,43,3,82,7,0,16,3
2024-01-29,General Medicine,30,5,135,1,0,10,5
2024-01-29,Dental,25,5,135,1,0,8,4
2024-01-29,ENT,16,5,135,1,0,5,3
2024-01-29,Orthopaedic,19,5,135,1,0,6,3
2024-01-30,General Medicine,54,-1,106,3,0,19,5
2024-01-30,Dental,41,-1,106,3,0,13,4
2024-01-30,ENT,32,-1,106,3,0,10,3
2024-01-30,Orthopaedic,34,-1,106,3,0,10,3
2024-01-31,General Medicine,52,5,74,7,0,18,5
2024-01-31,Dental,46,5,74,7,0,16,4
2024-01-31,ENT,33,5,74,7,0,12,3
2024-01-31,Orthopaedic,32,5,74,7,0,10,3
2024-02-01,General Medicine,42,14,77,5,0,12,5
2024-02-01,Dental,36,14,77,5,0,10,4
2024-02-01,ENT,29,14,77,5,0,9,3
2024-02-01,Orthopaedic,36,14,77,5,0,12,3
2024-02-02,General Medicine,51,-2,68,1,0,17,5
2024-02-02,Dental,47,-2,68,1,0,17,4
2024-02-02,ENT,31,-2,68,1,0,10,3
2024-02-02,Orthopaedic,35,-2,68,1,0,11,3
2024-02-03,General Medicine,42,0,79,5,0,14,5
2024-02-03,Dental,40,0,79,5,0,14,4
2024-02-03,ENT,25,0,79,5,0,8,3
2024-02-03,Orthopaedic,28,0,79,5,0,8,3
2024-02-04,General Medicine,50,10,125,3,0,16,5
2024-02-04,Dental,48,10,125,3,0,17,4
2024-02-04,ENT,31,10,125,3,0,10,3
2024-02-04,Orthopaedic,34,10,125,3,0,10,3
2024-02-05,General Medicine,29,9,90,0,0,10,5
2024-02-05,Dental,27,9,90,0,0,10,4
2024-02-05,ENT,17,9,90,0,0,6,3
2024-02-05,Orthopaedic,20,9,90,0,0,6,3
2024-02-06,General Medicine,48,9,101,1,0,16,5
2024-02-06,Dental,44,9,101,1,0,16,4
2024-02-06,ENT,27,9,101,1,0,8,3
2024-02-06,Orthopaedic,37,9,101,1,0,13,3
2024-02-07,General Medicine,51,3,81,5,0,16,5
2024-02-07,Dental,42,3,81,5,0,13,4
2024-02-07,ENT,32,3,81,5,0,10,3
2024-02-07,Orthopaedic,42,3,81,5,0,15,3
2024-02-08,General Medicine,42,6,83,1,0,12,5
2024-02-08,Dental,40,6,83,1,0,13,4
2024-02-08,ENT,31,6,83,1,0,11,3
2024-02-08,Orthopaedic,36,6,83,1,0,13,3
2024-02-09,General Medicine,33,6,65,7,1,11,5
2024-02-09,Dental,25,6,65,7,1,8,4
2024-02-09,ENT,19,6,65,7,1,6,3
2024-02-09,Orthopaedic,21,6,65,7,1,6,3
2024-02-10,General Medicine,43,5,130,0,0,16,5
2024-02-10,Dental,35,5,130,0,0,12,4
2024-02-10,ENT,26,5,130,0,0,9,3
2024-02-10,Orthopaedic,25,5,130,0,0,7,3
2024-02-11,General Medicine,52,10,112,5,0,18,5
2024-02-11,Dental,40,10,112,5,0,12,4
2024-02-11,ENT,30,10,112,5,0,10,3
2024-02-11,Orthopaedic,35,10,112,5,0,11,3
2024-02-12,General Medicine,26,5,66,4,0,8,5
2024-02-12,Dental,20,5,66,4,0,6,4
2024-02-12,ENT,16,5,66,4,0,5,3
2024-02-12,Orthopaedic,19,5,66,4,0,6,3
2024-02-13,General Medicine,44,8,86,6,0,14,5
2024-02-13,Dental,42,8,86,6,0,15,4
2024-02-13,ENT,27,8,86,6,0,8,3
2024-02-13,Orthopaedic,29,8,86,6,0,8,3
2024-02-14,General Medicine,53,4,62,4,0,18,5
2024-02-14,Dental,48,4,62,4,0,17,4
2024-02-14,ENT,34,4,62,4,0,12,3
2024-02-14,Orthopaedic,35,4,62,4,0,11,3
2024-02-15,General Medicine,46,12,81,7,0,16,5
2024-02-15,Dental,36,12,81,7,0,11,4
2024-02-15,ENT,29,12,81,7,0,10,3
2024-02-15,Orthopaedic,32,12,81,7,0,11,3
2024-02-16,General Medicine,48,2,124,2,0,16,5
2024-02-16,Dental,39,2,124,2,0,12,4
2024-02-16,ENT,30,2,124,2,0,10,3
2024-02-16,Orthopaedic,34,2,124,2,0,11,3
2024-02-17,General Medicine,37,4,121,4,0,11,5
2024-02-17,Dental,33,4,121,4,0,11,4
2024-02-17,ENT,24,4,121,4,0,8,3
2024-02-17,Orthopaedic,29,4,121,4,0,10,3
2024-02-18,General Medicine,44,7,139,3,0,13,5
2024-02-18,Dental,36,7,139,3,0,11,4
2024-02-18,ENT,28,7,139,3,0,9,3
2024-02-18,Orthopaedic,31,7,139,3,0,9,3
2024-02-19,General Medicine,25,8,119,4,0,8,5
2024-02-19,Dental,20,8,119,4,0,6,4
2024-02-19,ENT,15,8,119,4,0,5,3
2024-02-19,Orthopaedic,17,8,119,4,0,5,3
2024-02-20,General Medicine,47,2,123,4,0,15,5
2024-02-20,Dental,38,2,123,4,0,11,4
2024-02-20,ENT,27,2,123,4,0,8,3
2024-02-20,Orthopaedic,35,2,123,4,0,11,3
2024-02-21,General Medicine,43,6,91,7,0,14,5
2024-02-21,Dental,39,6,91,7,0,13,4
2024-02-21,ENT,26,6,91,7,0,8,3
2024-02-21,Orthopaedic,34,6,91,7,0,12,3
2024-02-22,General Medicine,46,2,65,7,0,14,5
2024-02-22,Dental,42,2,65,7,0,13,4
2024-02-22,ENT,34,2,65,7,0,12,3
2024-02-22,Orthopaedic,41,2,65,7,0,15,3
2024-02-23,General Medicine,45,10,69,4,0,15,5
2024-02-23,Dental,34,10,69,4,0,10,4
2024-02-23,ENT,27,10,69,4,0,9,3
2024-02-23,Orthopaedic,34,10,69,4,0,12,3
2024-02-24,General Medicine,40,1,109,6,0,13,5
2024-02-24,Dental,39,1,109,6,0,14,4
2024-02-24,ENT,28,1,109,6,0,10,3
2024-02-24,Orthopaedic,31,1,109,6,0,11,3
2024-02-25,General Medicine,57,-1,128,8,0,19,5
2024-02-25,Dental,44,-1,128,8,0,13,4
2024-02-25,ENT,31,-1,128,8,0,9,3
2024-02-25,Orthopaedic,40,-1,128,8,0,13,3
2024-02-26,General Medicine,27,8,133,1,0,9,5
2024-02-26,Dental,24,8,133,1,0,8,4
2024-02-26,ENT,17,8,133,1,0,5,3
2024-02-26,Orthopaedic,22,8,133,1,0,8,3
2024-02-27,General Medicine,45,5,108,5,0,14,5
2024-02-27,Dental,38,5,108,5,0,12,4
2024-02-27,ENT,25,5,108,5,0,7,3
2024-02-27,Orthopaedic,37,5,108,5,0,13,3
2024-02-28,General Medicine,43,8,68,1,0,13,5
2024-02-28,Dental,40,8,68,1,0,13,4
2024-02-28,ENT,31,8,68,1,0,11,3
2024-02-28,Orthopaedic,33,8,68,1,0,10,3
2024-02-29,General Medicine,42,8,110,5,0,12,5
2024-02-29,Dental,37,8,110,5,0,11,4
2024-02-29,ENT,31,8,110,5,0,11,3
2024-02-29,Orthopaedic,31,8,110,5,0,9,3
2024-03-01,General Medicine,40,15,98,1,0,12,5
2024-03-01,Dental,39,15,98,1,0,13,4
2024-03-01,ENT,25,15,98,1,0,7,3
2024-03-01,Orthopaedic,34,15,98,1,0,12,3
2024-03-02,General Medicine,40,13,66,1,0,14,5
2024-03-02,Dental,34,13,66,1,0,12,4
2024-03-02,ENT,21,13,66,1,0,6,3
2024-03-02,Orthopaedic,24,13,66,1,0,7,3
2024-03-03,General Medicine,50,12,87,0,0,17,5
2024-03-03,Dental,36,12,87,0,0,10,4
2024-03-03,ENT,28,12,87,0,0,8,3
2024-03-03,Orthopaedic,35,12,87,0,0,12,3
2024-03-04,General Medicine,24,10,103,3,0,7,5
2024-03-04,Dental,21,10,103,3,0,6,4
2024-03-04,ENT,18,10,103,3,0,6,3
2024-03-04,Orthopaedic,21,10,103,3,0,8,3
2024-03-05,General Medicine,43,11,94,1,0,13,5
2024-03-05,Dental,37,11,94,1,0,11,4
2024-03-05,ENT,26,11,94,1,0,8,3
2024-03-05,Orthopaedic,31,11,94,1,0,9,3
2024-03-06,General Medicine,51,9,131,4,0,17,5
2024-03-06,Dental,38,9,131,4,0,11,4
2024-03-06,ENT,33,9,131,4,0,12,3
2024-03-06,Orthopaedic,34,9,131,4,0,11,3
2024-03-07,General Medicine,43,5,70,0,0,13,5
2024-03-07,Dental,37,5,70,0,0,11,4
2024-03-07,ENT,26,5,70,0,0,7,3
2024-03-07,Orthopaedic,37,5,70,0,0,13,3
2024-03-08,General Medicine,49,17,135,2,0,17,5
2024-03-08,Dental,36,17,135,2,0,11,4
2024-03-08,ENT,31,17,135,2,0,11,3
2024-03-08,Orthopaedic,33,17,135,2,0,11,3
2024-03-09,General Medicine,34,7,126,0,0,10,5
2024-03-09,Dental,34,7,126,0,0,12,4
2024-03-09,ENT,26,7,126,0,0,9,3
2024-03-09,Orthopaedic,24,7,126,0,0,7,3
2024-03-10,General Medicine,37,11,104,6,1,13,5
2024-03-10,Dental,31,11,104,6,1,11,4
2024-03-10,ENT,20,11,104,6,1,6,3
2024-03-10,Orthopaedic,24,11,104,6,1,8,3
2024-03-11,General Medicine,23,8,67,6,0,7,5
2024-03-11,Dental,21,8,67,6,0,6,4
2024-03-11,ENT,18,8,67,6,0,7,3
2024-03-11,Orthopaedic,16,8,67,6,0,5,3
2024-03-12,General Medicine,48,4,111,2,0,15,5
2024-03-12,Dental,45,4,111,2,0,15,4
2024-03-12,ENT,31,4,111,2,0,10,3
2024-03-12,Orthopaedic,39,4,111,2,0,14,3
2024-03-13,General Medicine,47,21,66,4,0,16,5
2024-03-13,Dental,35,21,66,4,0,10,4
2024-03-13,ENT,30,21,66,4,0,11,3
2024-03-13,Orthopaedic,32,21,66,4,0,10,3
2024-03-14,General Medicine,40,12,110,2,0,12,5
2024-03-14,Dental,37,12,110,2,0,12,4
2024-03-14,ENT,30,12,110,2,0,10,3
2024-03-14,Orthopaedic,34,12,110,2,0,12,3
2024-03-15,General Medicine,38,11,138,5,0,11,5
2024-03-15,Dental,39,11,138,5,0,14,4
2024-03-15,ENT,24,11,138,5,0,7,3
2024-03-15,Orthopaedic,27,11,138,5,0,8,3
2024-03-16,General Medicine,38,8,121,6,0,13,5
2024-03-16,Dental,31,8,121,6,0,10,4
2024-03-16,ENT,21,8,121,6,0,6,3
2024-03-16,Orthopaedic,22,8,121,6,0,6,3
2024-03-17,General Medicine,50,13,139,7,0,18,5
2024-03-17,Dental,39,13,139,7,0,13,4
2024-03-17,ENT,31,13,139,7,0,11,3
2024-03-17,Orthopaedic,34,13,139,7,0,12,3
2024-03-18,General Medicine,26,3,107,6,0,8,5
2024-03-18,Dental,25,3,107,6,0,9,4
2024-03-18,ENT,18,3,107,6,0,7,3
2024-03-18,Orthopaedic,21,3,107,6,0,8,3
2024-03-19,General Medicine,40,12,79,4,0,12,5
2024-03-19,Dental,32,12,79,4,0,9,4
2024-03-19,ENT,24,12,79,4,0,7,3
2024-03-19,Orthopaedic,30,12,79,4,0,10,3
2024-03-20,General Medicine,46,16,88,5,0,16,5
2024-03-20,Dental,34,16,88,5,0,10,4
2024-03-20,ENT,24,16,88,5,0,7,3
2024-03-20,Orthopaedic,29,16,88,5,0,9,3
2024-03-21,General Medicine,43,15,132,4,0,13,5
2024-03-21,Dental,38,15,132,4,0,12,4
2024-03-21,ENT,28,15,132,4,0,9,3
2024-03-21,Orthopaedic,31,15,132,4,0,10,3
2024-03-22,General Medicine,46,-1,87,5,0,14,5
2024-03-22,Dental,44,-1,87,5,0,16,4
2024-03-22,ENT,26,-1,87,5,0,7,3
2024-03-22,Orthopaedic,30,-1,87,5,0,9,3
2024-03-23,General Medicine,34,9,81,2,0,10,5
2024-03-23,Dental,35,9,81,2,0,13,4
2024-03-23,ENT,21,9,81,2,0,6,3
2024-03-23,Orthopaedic,24,9,81,2,0,7,3
2024-03-24,General Medicine,52,7,92,1,0,19,5
2024-03-24,Dental,36,7,92,1,0,10,4
2024-03-24,ENT,31,7,92,1,0,11,3
2024-03-24,Orthopaedic,30,7,92,1,0,9,3
2024-03-25,General Medicine,25,11,60,4,0,8,5
2024-03-25,Dental,24,11,60,4,0,8,4
2024-03-25,ENT,17,11,60,4,0,6,3
2024-03-25,Orthopaedic,17,11,60,4,0,5,3
2024-03-26,General Medicine,48,2,108,0,0,16,5
2024-03-26,Dental,44,2,108,0,0,15,4
2024-03-26,ENT,27,2,108,0,0,8,3
2024-03-26,Orthopaedic,37,2,108,0,0,13,3
2024-03-27,General Medicine,45,-3,97,7,0,13,5
2024-03-27,Dental,46,-3,97,7,0,16,4
2024-03-27,ENT,34,-3,97,7,0,12,3
2024-03-27,Orthopaedic,35,-3,97,7,0,11,3
2024-03-28,General Medicine,51,4,93,7,0,17,5
2024-03-28,Dental,43,4,93,7,0,14,4
2024-03-28,ENT,30,4,93,7,0,10,3
2024-03-28,Orthopaedic,38,4,93,7,0,13,3
2024-03-29,General Medicine,40,10,90,3,0,12,5
2024-03-29,Dental,37,10,90,3,0,12,4
2024-03-29,ENT,28,10,90,3,0,9,3
2024-03-29,Orthopaedic,29,10,90,3,0,9,3
2024-03-30,General Medicine,35,12,70,0,0,11,5
2024-03-30,Dental,28,12,70,0,0,8,4
2024-03-30,ENT,22,12,70,0,0,7,3
2024-03-30,Orthopaedic,27,12,70,0,0,9,3
2024-03-31,General Medicine,42,10,89,5,0,12,5
2024-03-31,Dental,43,10,89,5,0,15,4
2024-03-31,ENT,28,10,89,5,0,9,3
2024-03-31,Orthopaedic,37,10,89,5,0,13,3
2024-04-01,General Medicine,31,18,136,5,0,11,5
2024-04-01,Dental,26,18,136,5,0,9,4
2024-04-01,ENT,19,18,136,5,0,6,3
2024-04-01,Orthopaedic,19,18,136,5,0,6,3
2024-04-02,General Medicine,45,29,76,3,0,14,5
2024-04-02,Dental,37,29,76,3,0,11,4
2024-04-02,ENT,26,29,76,3,0,7,3
2024-04-02,Orthopaedic,36,29,76,3,0,12,3
2024-04-03,General Medicine,32,11,81,7,1,10,5
2024-04-03,Dental,33,11,81,7,1,12,4
2024-04-03,ENT,21,11,81,7,1,6,3
2024-04-03,Orthopaedic,25,11,81,7,1,8,3
2024-04-04,General Medicine,46,14,95,2,0,14,5
2024-04-04,Dental,41,14,95,2,0,13,4
2024-04-04,ENT,31,14,95,2,0,10,3
2024-04-04,Orthopaedic,36,14,95,2,0,12,3
2024-04-05,General Medicine,47,10,107,3,0,15,5
2024-04-05,Dental,44,10,107,3,0,16,4
2024-04-05,ENT,31,10,107,3,0,11,3
2024-04-05,Orthopaedic,30,10,107,3,0,9,3
2024-04-06,General Medicine,38,22,127,3,0,12,5
2024-04-06,Dental,31,22,127,3,0,9,4
2024-04-06,ENT,25,22,127,3,0,8,3
2024-04-06,Orthopaedic,30,22,127,3,0,10,3
2024-04-07,General Medicine,56,20,75,3,0,20,5
2024-04-07,Dental,46,20,75,3,0,16,4
2024-04-07,ENT,28,20,75,3,0,8,3
2024-04-07,Orthopaedic,38,20,75,3,0,13,3
2024-04-08,General Medicine,27,18,137,4,0,9,5
2024-04-08,Dental,22,18,137,4,0,6,4
2024-04-08,ENT,15,18,137,4,0,4,3
2024-04-08,Orthopaedic,21,18,137,4,0,7,3
2024-04-09,General Medicine,48,10,86,7,0,16,5
2024-04-09,Dental,36,10,86,7,0,11,4
2024-04-09,ENT,28,10,86,7,0,9,3
2024-04-09,Orthopaedic,32,10,86,7,0,10,3
2024-04-10,General Medicine,41,21,98,2,0,12,5
2024-04-10,Dental,39,21,98,2,0,12,4
2024-04-10,ENT,30,21,98,2,0,10,3
2024-04-10,Orthopaedic,31,21,98,2,0,9,3
2024-04-11,General Medicine,44,2,78,1,0,13,5
2024-04-11,Dental,48,2,78,1,0,17,4
2024-04-11,ENT,30,2,78,1,0,9,3
2024-04-11,Orthopaedic,39,2,78,1,0,14,3
2024-04-12,General Medicine,48,20,101,1,0,17,5
2024-04-12,Dental,37,20,101,1,0,12,4
2024-04-12,ENT,24,20,101,1,0,7,3
2024-04-12,Orthopaedic,28,20,101,1,0,8,3
2024-04-13,General Medicine,39,16,124,2,0,13,5
2024-04-13,Dental,31,16,124,2,0,9,4
2024-04-13,ENT,22,16,124,2,0,6,3
2024-04-13,Orthopaedic,31,16,124,2,0,11,3
2024-04-14,General Medicine,44,9,86,7,0,13,5
2024-04-14,Dental,39,9,86,7,0,12,4
2024-04-14,ENT,29,9,86,7,0,9,3
2024-04-14,Orthopaedic,37,9,86,7,0,13,3
2024-04-15,General Medicine,27,16,98,6,0,9,5
2024-04-15,Dental,20,16,98,6,0,6,4
2024-04-15,ENT,16,16,98,6,0,5,3
2024-04-15,Orthopaedic,17,16,98,6,0,5,3
2024-04-16,General Medicine,47,21,77,0,0,17,5
2024-04-16,Dental,35,21,77,0,0,11,4
2024-04-16,ENT,24,21,77,0,0,7,3
2024-04-16,Orthopaedic,27,21,77,0,0,8,3
2024-04-17,General Medicine,46,13,105,1,0,15,5
2024-04-17,Dental,39,13,105,1,0,13,4
2024-04-17,ENT,31,13,105,1,0,11,3
2024-04-17,Orthopaedic,31,13,105,1,0,10,3
2024-04-18,General Medicine,47,10,131,6,0,15,5
2024-04-18,Dental,42,10,131,6,0,14,4
2024-04-18,ENT,28,10,131,6,0,9,3
2024-04-18,Orthopaedic,35,10,131,6,0,12,3
2024-04-19,General Medicine,48,16,77,1,0,17,5
2024-04-19,Dental,36,16,77,1,0,12,4
2024-04-19,ENT,27,16,77,1,0,9,3
2024-04-19,Orthopaedic,28,16,77,1,0,9,3
2024-04-20,General Medicine,35,16,96,5,0,11,5
2024-04-20,Dental,31,16,96,5,0,10,4
2024-04-20,ENT,25,16,96,5,0,9,3
2024-04-20,Orthopaedic,28,16,96,5,0,10,3
2024-04-21,General Medicine,45,16,108,1,0,14,5
2024-04-21,Dental,38,16,108,1,0,12,4
2024-04-21,ENT,26,16,108,1,0,8,3
2024-04-21,Orthopaedic,30,16,108,1,0,9,3
2024-04-22,General Medicine,24,18,74,1,0,7,5
2024-04-22,Dental,22,18,74,1,0,7,4
2024-04-22,ENT,19,18,74,1,0,7,3
2024-04-22,Orthopaedic,18,18,74,1,0,5,3
2024-04-23,General Medicine,47,15,84,8,0,15,5
2024-04-23,Dental,40,15,84,8,0,13,4
2024-04-23,ENT,26,15,84,8,0,8,3
2024-04-23,Orthopaedic,30,15,84,8,0,9,3
2024-04-24,General Medicine,47,14,85,0,0,15,5
2024-04-24,Dental,41,14,85,0,0,13,4
2024-04-24,ENT,28,14,85,0,0,9,3
2024-04-24,Orthopaedic,30,14,85,0,0,9,3
2024-04-25,General Medicine,46,18,112,4,0,14,5
2024-04-25,Dental,42,18,112,4,0,14,4
2024-04-25,ENT,29,18,112,4,0,9,3
2024-04-25,Orthopaedic,33,18,112,4,0,10,3
2024-04-26,General Medicine,47,13,98,7,0,16,5
2024-04-26,Dental,34,13,98,7,0,10,4
2024-04-26,ENT,27,13,98,7,0,8,3
2024-04-26,Orthopaedic,32,13,98,7,0,10,3
2024-04-27,General Medicine,41,12,125,5,0,14,5
2024-04-27,Dental,33,12,125,5,0,10,4
2024-04-27,ENT,22,12,125,5,0,6,3
2024-04-27,Orthopaedic,26,12,125,5,0,8,3
2024-04-28,General Medicine,49,23,87,2,0,16,5
2024-04-28,Dental,45,23,87,2,0,16,4
2024-04-28,ENT,28,23,87,2,0,9,3
2024-04-28,Orthopaedic,34,23,87,2,0,11,3
2024-04-29,General Medicine,25,24,67,4,0,7,5
2024-04-29,Dental,25,24,67,4,0,9,4
2024-04-29,ENT,17,24,67,4,0,5,3
2024-04-29,Orthopaedic,21,24,67,4,0,7,3
2024-04-30,General Medicine,52,7,121,5,0,18,5
2024-04-30,Dental,46,7,121,5,0,17,4
2024-04-30,ENT,27,7,121,5,0,8,3
2024-04-30,Orthopaedic,38,7,121,5,0,14,3
2024-05-01,General Medicine,53,20,120,1,0,17,5
2024-05-01,Dental,46,20,120,1,0,15,4
2024-05-01,ENT,37,20,120,1,0,13,3
2024-05-01,Orthopaedic,35,20,120,1,0,10,3
2024-05-02,General Medicine,53,20,132,6,0,17,5
2024-05-02,Dental,42,20,132,6,0,12,4
2024-05-02,ENT,37,20,132,6,0,13,3
2024-05-02,Orthopaedic,41,20,132,6,0,14,3
2024-05-03,General Medicine,47,14,68,6,0,14,5
2024-05-03,Dental,46,14,68,6,0,16,4
2024-05-03,ENT,31,14,68,6,0,10,3
2024-05-03,Orthopaedic,32,14,68,6,0,9,3
2024-05-04,General Medicine,38,16,78,3,0,11,5
2024-05-04,Dental,32,16,78,3,0,9,4
2024-05-04,ENT,28,16,78,3,0,10,3
2024-05-04,Orthopaedic,26,16,78,3,0,7,3
2024-05-05,General Medicine,53,21,114,3,0,16,5
2024-05-05,Dental,50,21,114,3,0,17,4
2024-05-05,ENT,32,21,114,3,0,9,3
2024-05-05,Orthopaedic,42,21,114,3,0,14,3
2024-05-06,General Medicine,34,33,122,4,0,12,5
2024-05-06,Dental,28,33,122,4,0,9,4
2024-05-06,ENT,21,33,122,4,0,7,3
2024-05-06,Orthopaedic,20,33,122,4,0,6,3
2024-05-07,General Medicine,51,19,91,0,0,16,5
2024-05-07,Dental,43,19,91,0,0,14,4
2024-05-07,ENT,34,19,91,0,0,12,3
2024-05-07,Orthopaedic,34,19,91,0,0,10,3
2024-05-08,General Medicine,47,22,139,1,0,14,5
2024-05-08,Dental,41,22,139,1,0,12,4
2024-05-08,ENT,37,22,139,1,0,13,3
2024-05-08,Orthopaedic,35,22,139,1,0,11,3
2024-05-09,General Medicine,55,14,95,1,0,20,5
2024-05-09,Dental,46,14,95,1,0,16,4
2024-05-09,ENT,32,14,95,1,0,11,3
2024-05-09,Orthopaedic,33,14,95,1,0,10,3
2024-05-10,General Medicine,45,22,128,4,0,13,5
2024-05-10,Dental,46,22,128,4,0,16,4
2024-05-10,ENT,27,22,128,4,0,8,3
2024-05-10,Orthopaedic,35,22,128,4,0,11,3
2024-05-11,General Medicine,39,21,125,8,0,12,5
2024-05-11,Dental,36,21,125,8,0,12,4
2024-05-11,ENT,29,21,125,8,0,10,3
2024-05-11,Orthopaedic,30,21,125,8,0,10,3
2024-05-12,General Medicine,47,22,132,1,0,13,5
2024-05-12,Dental,43,22,132,1,0,13,4
2024-05-12,ENT,30,22,132,1,0,9,3
2024-05-12,Orthopaedic,43,22,132,1,0,16,3
2024-05-13,General Medicine,30,16,105,6,0,10,5
2024-05-13,Dental,23,16,105,6,0,7,4
2024-05-13,ENT,17,16,105,6,0,5,3
2024-05-13,Orthopaedic,18,16,105,6,0,5,3
2024-05-14,General Medicine,53,17,122,7,0,18,5
2024-05-14,Dental,45,17,122,7,0,15,4
2024-05-14,ENT,33,17,122,7,0,11,3
2024-05-14,Orthopaedic,33,17,122,7,0,10,3
2024-05-15,General Medicine,51,11,90,4,0,17,5
2024-05-15,Dental,46,11,90,4,0,17,4
2024-05-15,ENT,28,11,90,4,0,8,3
2024-05-15,Orthopaedic,37,11,90,4,0,13,3
2024-05-16,General Medicine,43,28,76,3,0,13,5
2024-05-16,Dental,41,28,76,3,0,13,4
2024-05-16,ENT,31,28,76,3,0,11,3
2024-05-16,Orthopaedic,32,28,76,3,0,10,3
2024-05-17,General Medicine,46,24,101,6,0,15,5
2024-05-17,Dental,35,24,101,6,0,10,4
2024-05-17,ENT,26,24,101,6,0,8,3
2024-05-17,Orthopaedic,37,24,101,6,0,13,3
2024-05-18,General Medicine,37,22,114,6,0,11,5
2024-05-18,Dental,35,22,114,6,0,12,4
2024-05-18,ENT,24,22,114,6,0,8,3
2024-05-18,Orthopaedic,28,22,114,6,0,9,3
2024-05-19,General Medicine,49,18,125,7,0,15,5
2024-05-19,Dental,47,18,125,7,0,16,4
2024-05-19,ENT,30,18,125,7,0,9,3
2024-05-19,Orthopaedic,38,18,125,7,0,13,3
2024-05-20,General Medicine,26,18,109,3,0,8,5
2024-05-20,Dental,22,18,109,3,0,7,4
2024-05-20,ENT,16,18,109,3,0,5,3
2024-05-20,Orthopaedic,19,18,109,3,0,6,3
2024-05-21,General Medicine,43,23,85,5,0,13,5
2024-05-21,Dental,45,23,85,5,0,16,4
2024-05-21,ENT,29,23,85,5,0,10,3
2024-05-21,Orthopaedic,29,23,85,5,0,8,3
2024-05-22,General Medicine,54,27,72,4,0,18,5
2024-05-22,Dental,47,27,72,4,0,16,4
2024-05-22,ENT,28,27,72,4,0,8,3
2024-05-22,Orthopaedic,39,27,72,4,0,14,3
2024-05-23,General Medicine,59,22,134,7,0,21,5
2024-05-23,Dental,41,22,134,7,0,12,4
2024-05-23,ENT,29,22,134,7,0,8,3
2024-05-23,Orthopaedic,42,22,134,7,0,15,3
2024-05-24,General Medicine,51,29,100,3,0,17,5
2024-05-24,Dental,40,29,100,3,0,12,4
2024-05-24,ENT,29,29,100,3,0,9,3
2024-05-24,Orthopaedic,37,29,100,3,0,12,3
2024-05-25,General Medicine,46,33,94,4,0,17,5
2024-05-25,Dental,33,33,94,4,0,10,4
2024-05-25,ENT,24,33,94,4,0,7,3
2024-05-25,Orthopaedic,33,33,94,4,0,12,3
2024-05-26,General Medicine,50,23,132,5,0,15,5
2024-05-26,Dental,52,23,132,5,0,19,4
2024-05-26,ENT,35,23,132,5,0,12,3
2024-05-26,Orthopaedic,39,23,132,5,0,13,3
2024-05-27,General Medicine,27,16,75,5,0,8,5
2024-05-27,Dental,27,16,75,5,0,9,4
2024-05-27,ENT,18,16,75,5,0,6,3
2024-05-27,Orthopaedic,20,16,75,5,0,6,3
2024-05-28,General Medicine,55,30,124,4,0,19,5
2024-05-28,Dental,44,30,124,4,0,14,4
2024-05-28,ENT,32,30,124,4,0,10,3
2024-05-28,Orthopaedic,33,30,124,4,0,10,3
2024-05-29,General Medicine,48,22,94,2,0,15,5
2024-05-29,Dental,39,22,94,2,0,11,4
2024-05-29,ENT,28,22,94,2,0,8,3
2024-05-29,Orthopaedic,39,22,94,2,0,13,3
2024-05-30,General Medicine,47,26,112,7,0,13,5
2024-05-30,Dental,50,26,112,7,0,18,4
2024-05-30,ENT,30,26,112,7,0,9,3
2024-05-30,Orthopaedic,41,26,112,7,0,14,3
2024-05-31,General Medicine,49,29,106,1,0,16,5
2024-05-31,Dental,38,29,106,1,0,11,4
2024-05-31,ENT,28,29,106,1,0,8,3
2024-05-31,Orthopaedic,34,29,106,1,0,11,3
2024-06-01,General Medicine,38,19,83,30,0,11,5
2024-06-01,Dental,32,19,83,30,0,9,4
2024-06-01,ENT,29,19,83,30,0,11,3
2024-06-01,Orthopaedic,26,19,83,30,0,8,3
2024-06-02,General Medicine,58,15,97,8,0,19,5
2024-06-02,Dental,53,15,97,8,0,19,4
2024-06-02,ENT,33,15,97,8,0,10,3
2024-06-02,Orthopaedic,35,15,97,8,0,10,3
2024-06-03,General Medicine,29,22,81,16,0,9,5
2024-06-03,Dental,24,22,81,16,0,8,4
2024-06-03,ENT,20,22,81,16,0,7,3
2024-06-03,Orthopaedic,22,22,81,16,0,7,3
2024-06-04,General Medicine,46,29,105,27,0,14,5
2024-06-04,Dental,43,29,105,27,0,14,4
2024-06-04,ENT,32,29,105,27,0,11,3
2024-06-04,Orthopaedic,34,29,105,27,0,11,3
2024-06-05,General Medicine,56,23,70,20,0,20,5
2024-06-05,Dental,48,23,70,20,0,17,4
2024-06-05,ENT,32,23,70,20,0,10,3
2024-06-05,Orthopaedic,33,23,70,20,0,10,3
2024-06-06,General Medicine,49,22,104,28,0,15,5
2024-06-06,Dental,46,22,104,28,0,16,4
2024-06-06,ENT,30,22,104,28,0,9,3
2024-06-06,Orthopaedic,38,22,104,28,0,13,3
2024-06-07,General Medicine,50,23,78,37,0,17,5
2024-06-07,Dental,36,23,78,37,0,10,4
2024-06-07,ENT,31,23,78,37,0,11,3
2024-06-07,Orthopaedic,31,23,78,37,0,9,3
2024-06-08,General Medicine,37,26,128,25,0,11,5
2024-06-08,Dental,37,26,128,25,0,13,4
2024-06-08,ENT,24,26,128,25,0,7,3
2024-06-08,Orthopaedic,30,26,128,25,0,10,3
2024-06-09,General Medicine,54,24,104,8,0,18,5
2024-06-09,Dental,50,24,104,8,0,18,4
2024-06-09,ENT,30,24,104,8,0,9,3
2024-06-09,Orthopaedic,37,24,104,8,0,12,3
2024-06-10,General Medicine,29,26,92,9,0,9,5
2024-06-10,Dental,27,26,92,9,0,9,4
2024-06-10,ENT,19,26,92,9,0,6,3
2024-06-10,Orthopaedic,21,26,92,9,0,7,3
2024-06-11,General Medicine,53,31,125,42,0,19,5
2024-06-11,Dental,35,31,125,42,0,10,4
2024-06-11,ENT,30,31,125,42,0,10,3
2024-06-11,Orthopaedic,34,31,125,42,0,11,3
2024-06-12,General Medicine,48,17,79,4,0,14,5
2024-06-12,Dental,42,17,79,4,0,13,4
2024-06-12,ENT,34,17,79,4,0,12,3
2024-06-12,Orthopaedic,37,17,79,4,0,12,3
2024-06-13,General Medicine,57,23,77,14,0,20,5
2024-06-13,Dental,42,23,77,14,0,13,4
2024-06-13,ENT,32,23,77,14,0,10,3
2024-06-13,Orthopaedic,35,23,77,14,0,11,3
2024-06-14,General Medicine,49,34,136,10,0,15,5
2024-06-14,Dental,46,34,136,10,0,15,4
2024-06-14,ENT,29,34,136,10,0,9,3
2024-06-14,Orthopaedic,35,34,136,10,0,11,3
2024-06-15,General Medicine,37,22,87,7,0,11,5
2024-06-15,Dental,36,22,87,7,0,12,4
2024-06-15,ENT,27,22,87,7,0,10,3
2024-06-15,Orthopaedic,29,22,87,7,0,9,3
2024-06-16,General Medicine,54,37,120,43,0,18,5
2024-06-16,Dental,45,37,120,43,0,14,4
2024-06-16,ENT,37,37,120,43,0,13,3
2024-06-16,Orthopaedic,41,37,120,43,0,15,3
2024-06-17,General Medicine,28,26,136,39,0,10,5
2024-06-17,Dental,21,26,136,39,0,6,4
2024-06-17,ENT,17,26,136,39,0,6,3
2024-06-17,Orthopaedic,19,26,136,39,0,6,3
2024-06-18,General Medicine,47,27,123,37,0,16,5
2024-06-18,Dental,42,27,123,37,0,15,4
2024-06-18,ENT,28,27,123,37,0,9,3
2024-06-18,Orthopaedic,30,27,123,37,0,9,3
2024-06-19,General Medicine,48,31,92,23,0,16,5
2024-06-19,Dental,45,31,92,23,0,16,4
2024-06-19,ENT,29,31,92,23,0,10,3
2024-06-19,Orthopaedic,36,31,92,23,0,13,3
2024-06-20,General Medicine,34,34,125,2,1,10,5
2024-06-20,Dental,31,34,125,2,1,10,4
2024-06-20,ENT,25,34,125,2,1,9,3
2024-06-20,Orthopaedic,28,34,125,2,1,10,3
2024-06-21,General Medicine,44,35,138,4,0,13,5
2024-06-21,Dental,37,35,138,4,0,11,4
2024-06-21,ENT,32,35,138,4,0,11,3
2024-06-21,Orthopaedic,38,35,138,4,0,13,3
2024-06-22,General Medicine,45,35,133,18,0,16,5
2024-06-22,Dental,38,35,133,18,0,13,4
2024-06-22,ENT,24,35,133,18,0,7,3
2024-06-22,Orthopaedic,32,35,133,18,0,11,3
2024-06-23,General Medicine,49,23,66,22,0,15,5
2024-06-23,Dental,44,23,66,22,0,14,4
2024-06-23,ENT,31,23,66,22,0,10,3
2024-06-23,Orthopaedic,35,23,66,22,0,11,3
2024-06-24,General Medicine,25,28,95,37,0,8,5
2024-06-24,Dental,26,28,95,37,0,9,4
2024-06-24,ENT,17,28,95,37,0,5,3
2024-06-24,Orthopaedic,20,28,95,37,0,7,3
2024-06-25,General Medicine,48,31,93,27,0,15,5
2024-06-25,Dental,36,31,93,27,0,10,4
2024-06-25,ENT,27,31,93,27,0,8,3
2024-06-25,Orthopaedic,34,31,93,27,0,11,3
2024-06-26,General Medicine,53,24,75,18,0,18,5
2024-06-26,Dental,42,24,75,18,0,13,4
2024-06-26,ENT,34,24,75,18,0,12,3
2024-06-26,Orthopaedic,31,24,75,18,0,9,3
2024-06-27,General Medicine,50,27,100,1,0,15,5
2024-06-27,Dental,41,27,100,1,0,12,4
2024-06-27,ENT,35,27,100,1,0,12,3
2024-06-27,Orthopaedic,41,27,100,1,0,14,3
2024-06-28,General Medicine,52,24,125,1,0,16,5
2024-06-28,Dental,46,24,125,1,0,15,4
2024-06-28,ENT,34,24,125,1,0,11,3
2024-06-28,Orthopaedic,33,24,125,1,0,9,3
2024-06-29,General Medicine,38,16,136,34,0,11,5
2024-06-29,Dental,37,16,136,34,0,12,4
2024-06-29,ENT,25,16,136,34,0,8,3
2024-06-29,Orthopaedic,29,16,136,34,0,9,3
2024-06-30,General Medicine,47,26,128,32,0,13,5
2024-06-30,Dental,41,26,128,32,0,12,4
2024-06-30,ENT,32,26,128,32,0,10,3
2024-06-30,Orthopaedic,38,26,128,32,0,12,3
2024-07-01,General Medicine,33,37,105,22,0,11,5
2024-07-01,Dental,29,37,105,22,0,10,4
2024-07-01,ENT,18,37,105,22,0,6,3
2024-07-01,Orthopaedic,22,37,105,22,0,7,3